Feature,Importance
entropy,2374
length,2118
special_char_ratio,1854
equals_count,586
url_enc_ratio,238
max_nesting_depth,213
url_enc_count,197
shell_meta_count,179
char_tfidf_://,174
char_tfidf_xml,169
shell_cmd_count,116
has_ssti_el,107
char_tfidf_get,103
sql_comment_count,100
word_tfidf_7c,92
char_tfidf_ent,86
char_tfidf_ion,83
char_tfidf_%25,81
word_tfidf_id,81
char_tfidf_rle,80
char_tfidf_sys,79
char_tfidf_ect,79
word_tfidf_var,79
char_tfidf_%3d,79
char_tfidf_omp,78
char_tfidf_etc,78
char_tfidf_fil,77
char_tfidf_cat,76
char_tfidf_nti,74
has_ssti_jinja,74
char_tfidf_%2f,71
char_tfidf_ell,70
char_tfidf_nqu,70
char_tfidf_que,69
has_ssrf_host,69
word_tfidf_r0vuic8,67
cmd_separator_count,67
char_tfidf_pro,66
char_tfidf_%3a,66
char_tfidf_d%2,64
char_tfidf_ert,62
char_tfidf_com,61
ampersand_count,61
char_tfidf_dat,60
word_tfidf_pd94bwwgdmvyc2lvbj0ims4wij8,60
char_tfidf_24%,58
word_tfidf_script,58
char_tfidf_ser,57
char_tfidf_for,56
word_tfidf_xml,56
char_tfidf_%40,56
char_tfidf_%20,55
char_tfidf_jsp,55
char_tfidf_ing,54
char_tfidf_set,54
char_tfidf_est,53
"char_tfidf_"": ",53
word_tfidf_name,53
char_tfidf_xxx,52
word_tfidf_u003d,52
char_tfidf_%27,50
char_tfidf_ico,50
char_tfidf_tem,50
char_tfidf_id=,49
char_tfidf_doc,49
char_tfidf_wii,49
char_tfidf_aut,49
char_tfidf_oot,49
char_tfidf_ica,49
char_tfidf_use,49
char_tfidf_%2c,48
word_tfidf_precioa,47
word_tfidf_lt,47
word_tfidf_or,46
has_path_traversal,46
char_tfidf_mjm,46
char_tfidf_wor,46
char_tfidf_ale,46
char_tfidf_dir,45
char_tfidf_ata,45
char_tfidf_ess,44
char_tfidf_257,43
char_tfidf_lic,43
char_tfidf_ciu,42
word_tfidf_user,41
char_tfidf_log,41
char_tfidf_003,41
char_tfidf_%2c+,41
char_tfidf_cha,41
question_mark_count,40
char_tfidf_ibl,40
char_tfidf_253a,40
word_tfidf_127,40
char_tfidf_ble,40
char_tfidf_nda,40
word_tfidf_jndi,39
char_tfidf_ass,39
word_tfidf_modoa,39
char_tfidf_8%2,39
word_tfidf_3a,39
word_tfidf_b1,39
word_tfidf_exploit,38
char_tfidf_ers,38
char_tfidf_aler,38
word_tfidf_u003c,38
char_tfidf_ind,38
char_tfidf_con,38
char_tfidf_tes,38
char_tfidf_ikp,37
char_tfidf_o%2,37
word_tfidf_2b,37
word_tfidf_ini,37
char_tfidf_ode,37
char_tfidf_%253,37
char_tfidf_a%2,37
word_tfidf_29,36
char_tfidf_pla,36
word_tfidf_logina,36
word_tfidf_257d,36
char_tfidf_ien,36
char_tfidf_file,36
char_tfidf_%3c,36
char_tfidf_enc,35
word_tfidf_u002f u002f,35
backticks_count,35
char_tfidf_ile,35
word_tfidf_3e,35
word_tfidf_txt,35
word_tfidf_from,34
char_tfidf_htt,34
word_tfidf_email,34
word_tfidf_b1a,33
char_tfidf_c%2,33
char_tfidf_ler,33
char_tfidf_cal,33
word_tfidf_u0025 u0037,32
html_tag_count,32
single_quote_imbalance,32
char_tfidf_ont,32
char_tfidf_%7b,32
word_tfidf_com,32
word_tfidf_3f,31
char_tfidf_nte,31
word_tfidf_nombrea,31
word_tfidf_file,31
word_tfidf_in,31
char_tfidf_htm,31
char_tfidf_cia,31
word_tfidf_u003a u002f,31
word_tfidf_20,31
has_html_entities,31
word_tfidf_and,31
char_tfidf_ros,31
char_tfidf_lin,31
char_tfidf_pel,31
char_tfidf_ord,30
char_tfidf_typ,30
word_tfidf_modo,30
word_tfidf_php,30
word_tfidf_u0028,30
word_tfidf_3c,30
char_tfidf_.co,30
char_tfidf_9%2,30
word_tfidf_apellidos,29
has_newline_inject,29
word_tfidf_u007d,29
word_tfidf_etc,29
char_tfidf_tro,29
word_tfidf_to,29
char_tfidf_t%2,29
char_tfidf_u00,28
char_tfidf_ist,28
char_tfidf_end,28
char_tfidf_%252,28
has_ssti_asp,28
word_tfidf_ida,28
char_tfidf_ail,27
char_tfidf_3c%,27
word_tfidf_gt,27
char_tfidf_2%2,27
word_tfidf_253c,27
word_tfidf_7d,27
word_tfidf_xss,27
char_tfidf_0%2,27
char_tfidf_%253a,27
char_tfidf_20%,27
word_tfidf_src,27
char_tfidf_252,27
char_tfidf_...,27
char_tfidf_cho,27
char_tfidf_020,27
word_tfidf_253e,27
word_tfidf_bin,26
char_tfidf_e%2,26
word_tfidf_u007b,26
word_tfidf_u003e,26
char_tfidf_29%,26
word_tfidf_body,26
char_tfidf_emb,26
char_tfidf_ter,26
word_tfidf_select,26
char_tfidf_**/,26
char_tfidf_cod,26
char_tfidf_url,26
word_tfidf_exec,25
word_tfidf_ntc,25
word_tfidf_entity,25
char_tfidf_str,25
char_tfidf_26%2,25
char_tfidf_zip,25
char_tfidf_rsi,25
js_event_count,25
char_tfidf_006,25
char_tfidf_http,25
word_tfidf_257c,25
word_tfidf_http,25
char_tfidf_253,25
word_tfidf_2f,24
word_tfidf_pwd,24
char_tfidf_.jsp ,24
char_tfidf_ver,24
char_tfidf_lla,24
word_tfidf_10 10,24
char_tfidf_ror,24
word_tfidf_de,24
char_tfidf_ecc,24
word_tfidf_253a,24
char_tfidf_pub,24
char_tfidf_app,23
hex_oct_escapes_count,23
char_tfidf_%253d,23
char_tfidf_ire,23
char_tfidf_%24,23
word_tfidf_u002e,23
word_tfidf_password,23
char_tfidf_echo,23
char_tfidf_iwi,23
word_tfidf_foo,23
word_tfidf_mysql,23
word_tfidf_template,23
char_tfidf_te ,23
word_tfidf_org,23
char_tfidf_1.1,23
char_tfidf_gin,23
char_tfidf_l%2,23
char_tfidf_t-t,23
word_tfidf_253b,22
word_tfidf_ls,22
char_tfidf_cty,22
word_tfidf_attacker,22
char_tfidf_002,22
word_tfidf_2c,22
char_tfidf_ost,22
char_tfidf_2520,22
word_tfidf_x27,22
char_tfidf_zil,22
cmd_substitution_count,22
char_tfidf_ste,22
char_tfidf_ech,21
char_tfidf_ate,21
char_tfidf_%3b,21
char_tfidf_gua,21
char_tfidf_%257,21
char_tfidf_ar&,21
char_tfidf_pas,21
word_tfidf_2fscript,21
char_tfidf_tio,21
char_tfidf_uer,21
char_tfidf_mai,21
word_tfidf_html,21
word_tfidf_rce,21
word_tfidf_10,21
word_tfidf_javascript,21
word_tfidf_apache,21
word_tfidf_2520,20
char_tfidf_data,20
char_tfidf_assw,20
word_tfidf_gif http,20
word_tfidf_direccion 2f,20
word_tfidf_system,20
char_tfidf_lli,20
word_tfidf_get,20
word_tfidf_conf,20
char_tfidf_st ,20
char_tfidf_../,19
char_tfidf_1%2,19
char_tfidf_tex,19
char_tfidf_tion,19
word_tfidf_provincia,19
word_tfidf_all,19
char_tfidf_cio,19
word_tfidf_u003a,19
char_tfidf_b%2,19
char_tfidf_\u0,19
word_tfidf_u006a,19
word_tfidf_8080 tienda1,19
word_tfidf_config,19
char_tfidf_3a%,19
word_tfidf_div,19
word_tfidf_u002a,19
char_tfidf_/..,19
word_tfidf_href,18
char_tfidf_bre,18
char_tfidf_tib,18
word_tfidf_java,18
char_tfidf_age,18
char_tfidf_007,18
double_quote_imbalance,18
char_tfidf_sio,18
char_tfidf_docty,18
word_tfidf_example,18
char_tfidf_dad=,18
word_tfidf_set,18
char_tfidf_ion=,18
word_tfidf_randnum,18
word_tfidf_the,18
word_tfidf_style,18
char_tfidf_late,18
char_tfidf_ntc,18
char_tfidf_tic,17
char_tfidf_hos,17
word_tfidf_windows,17
char_tfidf_reg,17
word_tfidf_amp,17
char_tfidf_gec,17
has_ssti_hash,17
char_tfidf_pass,17
char_tfidf_ co,17
word_tfidf_u0024 u007b,17
char_tfidf_user,17
char_tfidf_d%252,17
char_tfidf_253d,17
word_tfidf_etc passwd,16
char_tfidf_ttp,16
char_tfidf_type,16
char_tfidf_eck,16
char_tfidf_255,16
char_tfidf_%3e,16
word_tfidf_admin,16
char_tfidf_ero,16
word_tfidf_25257c,16
char_tfidf_3e%,16
word_tfidf_u002f,16
char_tfidf_53d,16
word_tfidf_bak,16
word_tfidf_2fn,16
word_tfidf_0x7f000001,16
word_tfidf_dni,16
char_tfidf_&b1,16
char_tfidf_ose,16
char_tfidf_rec,16
word_tfidf_microsoft,16
word_tfidf_img,16
char_tfidf_e c,16
char_tfidf_078,16
char_tfidf_d%25,16
char_tfidf_d\u,16
char_tfidf_rag,16
char_tfidf_ pr,15
char_tfidf_def,15
char_tfidf_oca,15
word_tfidf_login,15
has_double_encoding,15
word_tfidf_u0061 u006c,15
char_tfidf_yst,15
char_tfidf_3b%,15
char_tfidf_b1=,15
char_tfidf_/**/,15
has_ifs_bypass,15
char_tfidf_pre,15
char_tfidf_ed ,15
char_tfidf_ml ,15
word_tfidf_net,15
char_tfidf_pat,15
char_tfidf_tc%,15
word_tfidf_registro,15
word_tfidf_id nombre,15
char_tfidf_tra,15
word_tfidf_nombre,15
char_tfidf_03a\u,15
char_tfidf_ema,15
char_tfidf_egi,15
char_tfidf_ill,15
char_tfidf_/et,15
word_tfidf_la,15
char_tfidf_ach,15
char_tfidf_agm,14
word_tfidf_u0078 u006d,14
char_tfidf_+ca,14
word_tfidf_aux,14
word_tfidf_5d,14
word_tfidf_u0068 u006f,14
word_tfidf_data,14
char_tfidf_7d%,14
word_tfidf_direccion calle,14
word_tfidf_lang,14
char_tfidf_25c,14
word_tfidf_u0024,14
word_tfidf_sleep,14
char_tfidf_005,14
word_tfidf_00,14
char_tfidf_www,14
char_tfidf_ro&,14
char_tfidf_len,14
char_tfidf_ding,14
char_tfidf_pos,14
char_tfidf_20%2,13
word_tfidf_u0074 u0068,13
word_tfidf_u0067 u006f,13
char_tfidf_53a,13
word_tfidf_program files,13
word_tfidf_proc,13
word_tfidf_payload,13
word_tfidf_u0074 u0063,13
word_tfidf_gopher,13
word_tfidf_get http,13
word_tfidf_25,13
char_tfidf_test,13
word_tfidf_cookie,13
word_tfidf_no,13
sql_keyword_count,13
char_tfidf_cac,13
char_tfidf_f%2,13
char_tfidf_foo,13
char_tfidf_arr,13
char_tfidf_520,13
word_tfidf_source,13
word_tfidf_2527,13
word_tfidf_u0029,13
char_tfidf_22%,13
word_tfidf_e9,13
word_tfidf_2526,13
char_tfidf_nci,13
word_tfidf_api,13
word_tfidf_u0020,13
char_tfidf_ad=,13
word_tfidf_u003b,13
char_tfidf_d c,13
word_tfidf_u0065,13
word_tfidf_svg,13
char_tfidf_nco,13
char_tfidf_a\u0,13
char_tfidf_ten,12
char_tfidf_ssi,12
char_tfidf_&b1=,12
char_tfidf_ept,12
char_tfidf_3d%,12
char_tfidf_tar,12
char_tfidf_24%2,12
char_tfidf_0020,12
word_tfidf_direccion,12
char_tfidf_cci,12
word_tfidf_f3n,12
char_tfidf_vil,12
word_tfidf_8080,12
char_tfidf_2c+,12
word_tfidf_cp,12
char_tfidf_004,12
char_tfidf_modo,12
char_tfidf_%2520,12
char_tfidf_bro,12
char_tfidf_ang,12
char_tfidf_mod,12
word_tfidf_u0025 u0033,12
char_tfidf_ain,12
word_tfidf_al,12
word_tfidf_tmp,12
word_tfidf_out,12
char_tfidf_b\u,12
char_tfidf_lan,12
char_tfidf_p%2,12
word_tfidf_b2,12
word_tfidf_cat,12
char_tfidf_code,12
word_tfidf_28,12
char_tfidf_%24%,12
word_tfidf_calle,12
char_tfidf_sle,12
char_tfidf_%20%2,12
char_tfidf_iiw,12
word_tfidf_254,11
word_tfidf_example com,11
word_tfidf_errormsg,11
char_tfidf_030,11
char_tfidf_/**,11
char_tfidf_lol,11
word_tfidf_entrar http,11
word_tfidf_u005c,11
char_tfidf_f\u0,11
char_tfidf_html,11
char_tfidf_los,11
char_tfidf_ngu,11
word_tfidf_fe80,11
char_tfidf_ima,11
word_tfidf_u006c u0061,11
char_tfidf_003a,11
char_tfidf_doct,11
word_tfidf_u0072 u0074,11
word_tfidf_inc,11
char_tfidf_http:,11
char_tfidf_-la,11
char_tfidf_t: ,11
word_tfidf_usr,11
word_tfidf_www,11
char_tfidf_inc,11
char_tfidf_e: ,11
char_tfidf_lat,11
char_tfidf_03a,11
word_tfidf_2528,11
char_tfidf_atio,11
char_tfidf_c0%,11
word_tfidf_del,11
char_tfidf_b%25,11
word_tfidf_dict,11
word_tfidf_11,11
char_tfidf_car,11
char_tfidf_26%,11
has_sql_tautology,11
word_tfidf_169 254,11
char_tfidf_xml ,11
char_tfidf_ati,11
char_tfidf_5\u,10
word_tfidf_execute,10
word_tfidf_u006e,10
char_tfidf_3a%2,10
char_tfidf_2e\,10
word_tfidf_location,10
char_tfidf_lee,10
word_tfidf_15,10
char_tfidf_onn,10
word_tfidf_url,10
char_tfidf_u003,10
word_tfidf_jsp,10
word_tfidf_passwd,10
char_tfidf_/pu,10
word_tfidf_ciudad,10
char_tfidf_ion: ,10
word_tfidf_old,10
word_tfidf_whoami,10
char_tfidf_4%2,10
char_tfidf_lid,10
char_tfidf_sp ,10
word_tfidf_text,10
word_tfidf_an,10
char_tfidf_-co,10
word_tfidf_u0022,10
char_tfidf_stro,10
char_tfidf_cooki,10
char_tfidf_stem,10
char_tfidf_adi,10
char_tfidf_vin,10
word_tfidf_u003c u0021,10
char_tfidf_ation,10
char_tfidf_4\u,10
char_tfidf_06f,10
word_tfidf_meta,10
word_tfidf_el,10
word_tfidf_u0064,10
char_tfidf_\u007,10
char_tfidf_064,10
word_tfidf_253d,10
char_tfidf_066,10
char_tfidf_a%25,10
word_tfidf_u0054 u0059,10
char_tfidf_ssw,9
word_tfidf_jsp modo,9
word_tfidf_jpg http,9
char_tfidf_%7d,9
word_tfidf_cat etc,9
word_tfidf_carrito http,9
word_tfidf_carrito,9
word_tfidf_jpg,9
word_tfidf_callback,9
char_tfidf_slee,9
char_tfidf_evi,9
char_tfidf_c%252,9
char_tfidf_co/a,9
word_tfidf_by,9
word_tfidf_res,9
word_tfidf_u0025 u0032,9
word_tfidf_u0020 u0068,9
word_tfidf_u0020 u005b,9
char_tfidf_mag,9
word_tfidf_u003c u002f,9
char_tfidf_nec,9
char_tfidf_acc,9
char_tfidf_ntr,9
word_tfidf_2529,9
word_tfidf_sh,9
char_tfidf_nux,9
char_tfidf_leep,9
char_tfidf_iud,9
char_tfidf_ogi,9
word_tfidf_quot,9
word_tfidf_print,9
word_tfidf_precio,9
char_tfidf_c\u,9
word_tfidf_u0077 u0064,9
word_tfidf_u0078,9
word_tfidf_252c,9
word_tfidf_2c ciudad,9
char_tfidf_bli,9
char_tfidf_pli,9
char_tfidf_orm,9
word_tfidf_zamora,9
char_tfidf_2\u,9
word_tfidf_83,9
char_tfidf_tml,9
char_tfidf_.jsp?,9
char_tfidf_2\u0,9
char_tfidf_069,9
char_tfidf_0%25,9
word_tfidf_echo,9
char_tfidf_vers,9
char_tfidf_cont,9
word_tfidf_13,8
word_tfidf_3cscript,8
char_tfidf_cache,8
char_tfidf_p:/,8
word_tfidf_3fg ciudad,8
word_tfidf_files,8
char_tfidf_cach,8
word_tfidf_new,8
char_tfidf_0065\,8
word_tfidf_version,8
char_tfidf_808,8
char_tfidf_002f\,8
char_tfidf_mie,8
word_tfidf_u0063 u0068,8
char_tfidf_pt:,8
word_tfidf_3fe ciudad,8
word_tfidf_br,8
char_tfidf_041,8
word_tfidf_u002e u0031,8
word_tfidf_modo entrar,8
word_tfidf_u0069 u006e,8
char_tfidf_odi,8
char_tfidf_odo,8
word_tfidf_registrar,8
char_tfidf_25252,8
word_tfidf_u006c u0065,8
word_tfidf_u006f u006e,8
char_tfidf_\u002,8
char_tfidf_\u00,8
word_tfidf_98,8
char_tfidf_ene,8
char_tfidf_u006,8
char_tfidf_: e,8
word_tfidf_2540,8
char_tfidf_ook,8
word_tfidf_u0069 u006c,8
word_tfidf_u0069 u003a,8
word_tfidf_3d,8
char_tfidf_char,8
char_tfidf_o.j,8
word_tfidf_b1 entrar,8
word_tfidf_os,8
word_tfidf_alert xss,8
char_tfidf_\u006,8
word_tfidf_u006d u0065,8
char_tfidf_host,8
word_tfidf_gif,8
char_tfidf_/html,8
char_tfidf_et ,8
char_tfidf_%c1,8
char_tfidf_/htm,8
word_tfidf_anadir,8
word_tfidf_27,8
word_tfidf_u003d u0022,8
word_tfidf_22,8
char_tfidf_2e%,8
char_tfidf_etc/,8
word_tfidf_alert,8
char_tfidf_echo%,8
word_tfidf_3fa,8
char_tfidf_n%2,8
word_tfidf_u0029 u0020,8
char_tfidf_4\u0,8
word_tfidf_u003a u003a,8
char_tfidf_/xm,8
word_tfidf_u002d,8
char_tfidf_aaa,8
char_tfidf_eep,8
char_tfidf_sess,8
has_xxe,8
word_tfidf_u005f,8
char_tfidf_clo,8
char_tfidf_ te,8
char_tfidf_0\u0,8
word_tfidf_u0053,8
char_tfidf_0 c,8
char_tfidf_6%2,8
char_tfidf_sion=,8
word_tfidf_u0032 u0035,7
char_tfidf_\u004,7
word_tfidf_env,7
word_tfidf_role,7
word_tfidf_e9n,7
word_tfidf_24,7
char_tfidf_2525,7
word_tfidf_true,7
char_tfidf_octy,7
word_tfidf_u0061 u0072,7
char_tfidf_073,7
char_tfidf_2520%,7
word_tfidf_2fscript 3e,7
char_tfidf_a\u,7
char_tfidf_06d,7
char_tfidf_06e,7
char_tfidf_nne,7
char_tfidf_068,7
word_tfidf_edn,7
word_tfidf_u004c u0045,7
word_tfidf_sant,7
char_tfidf_2522,7
word_tfidf_40,7
word_tfidf_entrar login,7
word_tfidf_timestamp,7
word_tfidf_24 7bjndi,7
word_tfidf_u0037,7
word_tfidf_44,7
word_tfidf_u0026 u0070,7
word_tfidf_u0074 u0069,7
word_tfidf_autenticar,7
word_tfidf_27 2c,7
word_tfidf_ndi,7
word_tfidf_metadata,7
word_tfidf_for,7
char_tfidf_tion:,7
char_tfidf_ lo,7
char_tfidf_sion,7
word_tfidf_log,7
word_tfidf_localhost,7
word_tfidf_2522,7
char_tfidf_%20%,7
char_tfidf_i6i,7
char_tfidf_522,7
char_tfidf_0030,7
char_tfidf_har,7
char_tfidf_5%2,7
char_tfidf_e%252,7
word_tfidf_https,7
char_tfidf_ext/,7
char_tfidf_3b%2,7
char_tfidf_c\u0,7
char_tfidf_ectio,7
char_tfidf_3d%2,7
char_tfidf_ersio,7
char_tfidf_1\u,7
char_tfidf_02e\,7
char_tfidf_0020\,7
char_tfidf_word,7
word_tfidf_61,7
word_tfidf_dtd,7
char_tfidf_020\,7
word_tfidf_u006f u0067,7
word_tfidf_u0072 u0065,7
word_tfidf_doctype,7
char_tfidf_che,7
word_tfidf_u0073 u002f,7
char_tfidf_?xm,7
word_tfidf_u0074,7
word_tfidf_100,7
char_tfidf_=en,7
char_tfidf_cti,7
word_tfidf_default,7
char_tfidf_0066,7
char_tfidf_ovi,7
word_tfidf_old http,7
char_tfidf_0064,7
char_tfidf_u002,7
word_tfidf_u0022 u0031,7
word_tfidf_60,7
char_tfidf_0\u,7
word_tfidf_anadir jsp,6
word_tfidf_u0020 u0028,6
word_tfidf_u0021,6
word_tfidf_document,6
word_tfidf_u0025,6
char_tfidf_u0064,6
word_tfidf_token,6
word_tfidf_63,6
word_tfidf_inc http,6
word_tfidf_7d 7d,6
char_tfidf_tent,6
word_tfidf_7b,6
word_tfidf_cgi,6
word_tfidf_like,6
word_tfidf_load,6
char_tfidf_quer,6
char_tfidf_pra,6
char_tfidf_ype,6
word_tfidf_num,6
word_tfidf_tienda1,6
word_tfidf_object,6
word_tfidf_f1o,6
char_tfidf_on=,6
word_tfidf_provincia teruel,6
word_tfidf_ps,6
word_tfidf_environ,6
word_tfidf_registrar http,6
word_tfidf_application,6
word_tfidf_shell,6
word_tfidf_test,6
char_tfidf_stra,6
char_tfidf_ar.,6
char_tfidf_%26,6
word_tfidf_u0069,6
"char_tfidf_""1.0",6
word_tfidf_u006c u006f,6
word_tfidf_u006c u0020,6
char_tfidf_%20s,6
word_tfidf_u006c,6
char_tfidf_iem,6
char_tfidf_lik,6
char_tfidf_\u003,6
char_tfidf_9\u,6
char_tfidf_he ,6
char_tfidf_f\u,6
char_tfidf_cko,6
"char_tfidf_=""1",6
word_tfidf_u0063 u0069,6
word_tfidf_2fn 2c,6
char_tfidf_illa,6
char_tfidf_32%,6
char_tfidf_c%25,6
char_tfidf_c\u00,6
word_tfidf_u006f u006c,6
word_tfidf_2a,6
word_tfidf_u0070,6
word_tfidf_u0072,6
word_tfidf_u0072 u0069,6
word_tfidf_u0072 u0073,6
word_tfidf_u0073,6
char_tfidf_jsp ,6
word_tfidf_val,6
word_tfidf_v1,6
word_tfidf_utf,6
char_tfidf_65\,6
char_tfidf_.....,6
word_tfidf_u0065 u006c,6
word_tfidf_2526 2526,6
char_tfidf_080,6
char_tfidf_033,6
word_tfidf_255b,6
char_tfidf_ars,6
char_tfidf_mbr,6
char_tfidf_0069,6
word_tfidf_u0030,6
char_tfidf_0068,6
word_tfidf_u0037 u0043,6
word_tfidf_u003b u003c,6
char_tfidf_e a,6
word_tfidf_u0040,6
word_tfidf_257b 2524,6
word_tfidf_2c 2fn,6
char_tfidf_/1.,6
word_tfidf_u0046,6
word_tfidf_null,5
char_tfidf_syst,5
word_tfidf_f3n nombre,5
char_tfidf_4%25,5
word_tfidf_xml version,5
word_tfidf_f3n cp,5
word_tfidf_xampp,5
char_tfidf_inci,5
char_tfidf_./.,5
word_tfidf_imagenes,5
char_tfidf_063,5
word_tfidf_29 29,5
word_tfidf_cmd,5
word_tfidf_where,5
char_tfidf_0074\,5
word_tfidf_252fscript,5
char_tfidf_d\u0,5
char_tfidf_ecti,5
word_tfidf_97,5
word_tfidf_username,5
char_tfidf_passw,5
char_tfidf_d\u00,5
char_tfidf_er-,5
char_tfidf_3\u0,5
char_tfidf_0\u00,5
char_tfidf_06c,5
char_tfidf_gis,5
char_tfidf_cion,5
word_tfidf_77,5
word_tfidf_hosts,5
char_tfidf_e%25,5
char_tfidf_%2525,5
char_tfidf_20%25,5
word_tfidf_de la,5
word_tfidf_eda,5
char_tfidf_xht,5
char_tfidf_trar,5
word_tfidf_281 29,5
char_tfidf_0031,5
char_tfidf_29%2,5
char_tfidf_*/*,5
char_tfidf_tc/,5
char_tfidf_070,5
char_tfidf_ike,5
word_tfidf_253cscript 253ealert,5
char_tfidf_ mo,5
word_tfidf_19,5
char_tfidf_//l,5
char_tfidf_kie,5
char_tfidf_=re,5
word_tfidf_autenticar jsp,5
word_tfidf_u0042,5
char_tfidf_b%20,5
word_tfidf_u0044,5
char_tfidf_\u005,5
dotdot_slash_count,5
word_tfidf_u0053 u0045,5
char_tfidf_nes,5
word_tfidf_session,5
word_tfidf_table,5
word_tfidf_u0063,5
word_tfidf_u0063 u0075,5
word_tfidf_status,5
has_repeated_escaping,5
word_tfidf_u0065 u0063,5
word_tfidf_u0041,5
word_tfidf_toledo,5
word_tfidf_tr,5
has_jndi,5
word_tfidf_3d1,5
word_tfidf_u0031 u003d,5
word_tfidf_u0020 u006f,5
word_tfidf_u002f u0078,5
word_tfidf_3b,5
word_tfidf_u002f u0076,5
word_tfidf_u002e u002e,5
word_tfidf_u0025 u0030,5
char_tfidf_ape,5
word_tfidf_0a,5
word_tfidf_all users,5
word_tfidf_u0026,5
word_tfidf_3c 21,5
word_tfidf_u0066,5
char_tfidf_02e,5
char_tfidf_o/a,5
word_tfidf_169,5
word_tfidf_program,5
word_tfidf_provincia barcelona,5
word_tfidf_proxy,5
word_tfidf_u0073 u0020,5
word_tfidf_u006e u0076,5
word_tfidf_u0073 u0063,5
word_tfidf_u0073 u0068,5
word_tfidf_publico vaciar,5
word_tfidf_u0073 u006c,5
char_tfidf_oki,5
word_tfidf_u006e u0074,5
word_tfidf_5b,5
char_tfidf_6\u,5
word_tfidf_u0074 u0028,5
word_tfidf_remember,5
word_tfidf_san,5
word_tfidf_union,5
char_tfidf_68\u,5
word_tfidf_u0078 u0070,5
word_tfidf_u006d u006c,5
word_tfidf_entrar jsp,4
word_tfidf_cantidad b1,4
char_tfidf_asswo,4
word_tfidf_entrar,4
char_tfidf_025,4
word_tfidf_encoding,4
char_tfidf_ate ,4
word_tfidf_cantidad,4
char_tfidf_ache,4
has_unicode_escape,4
char_tfidf_63\,4
word_tfidf_editar,4
char_tfidf_065,4
word_tfidf_e0,4
char_tfidf_072\,4
char_tfidf_contr,4
char_tfidf_cce,4
char_tfidf_cho%,4
word_tfidf_b1 registrar,4
word_tfidf_b1 pasar,4
word_tfidf_b2a,4
char_tfidf_8\u,4
char_tfidf_80 ,4
char_tfidf_5252,4
char_tfidf_1\u00,4
word_tfidf_dns,4
char_tfidf_074,4
char_tfidf_2\u00,4
word_tfidf_control,4
char_tfidf_1.0,4
char_tfidf_74\,4
char_tfidf_1%25,4
char_tfidf_6c\,4
char_tfidf_: c,4
word_tfidf_e1ceres,4
char_tfidf_ctyp,4
char_tfidf_5\u0,4
word_tfidf_u0027,4
char_tfidf_utf-,4
word_tfidf_etc hosts,4
word_tfidf_u0066 u006f,4
word_tfidf_u0068 u0065,4
word_tfidf_u0069 u0074,4
word_tfidf_registro login,4
word_tfidf_u006c u006c,4
word_tfidf_u006e u0020,4
word_tfidf_publico registro,4
word_tfidf_ps aux,4
word_tfidf_provincia guadalajara,4
char_tfidf_omb,4
word_tfidf_u0070 u0061,4
word_tfidf_u0076 u0061,4
char_tfidf_ost ,4
word_tfidf_uff0e,4
word_tfidf_off b1,4
char_tfidf_jsp h,4
word_tfidf_user id,4
word_tfidf_u0065 u006d,4
char_tfidf_ntra,4
word_tfidf_u0065 u0025,4
word_tfidf_u0020 u0025,4
word_tfidf_u0029 u007d,4
word_tfidf_u002c,4
char_tfidf_ml/,4
"char_tfidf_n=""",4
word_tfidf_u0031,4
word_tfidf_u0031 u0030,4
word_tfidf_u0020 u0043,4
char_tfidf_ncia,4
word_tfidf_u0065 u0020,4
char_tfidf_loc,4
char_tfidf_ncodi,4
word_tfidf_u004c,4
word_tfidf_u004f,4
word_tfidf_u004f u0043,4
word_tfidf_u0054,4
word_tfidf_u0060,4
word_tfidf_valencia ntc,4
char_tfidf_ioi,4
char_tfidf_r.j,4
char_tfidf_003a\,4
word_tfidf_girona,4
char_tfidf_tie,4
char_tfidf_/xml,4
char_tfidf_0%252,4
char_tfidf_0/ti,4
char_tfidf_002e,4
char_tfidf_tp:,4
char_tfidf_ded,4
char_tfidf_/etc/,4
word_tfidf_f3n ntc,4
char_tfidf_dad,4
word_tfidf_f1a,4
char_tfidf_0070\,4
char_tfidf_0072,4
char_tfidf_0073,4
char_tfidf_u0073,4
char_tfidf_/ht,4
word_tfidf_gt amp,4
char_tfidf_imag,4
char_tfidf_modo=,4
char_tfidf_ ca,4
char_tfidf_rol,4
char_tfidf_ses,4
word_tfidf_los,4
char_tfidf_ de,4
char_tfidf_iend,4
char_tfidf_ico/a,4
char_tfidf_fla,4
char_tfidf_/etc,4
char_tfidf_et ht,4
word_tfidf_is,4
char_tfidf_&log,4
char_tfidf_&no,4
word_tfidf_img src,4
char_tfidf_t-c,4
char_tfidf_.js,4
word_tfidf_u0065 u0072,4
has_null_byte,4
word_tfidf_2520 2527,4
word_tfidf_5c,4
word_tfidf_2526b1,4
word_tfidf_29 7d,4
word_tfidf_33,4
word_tfidf_30,4
word_tfidf_23,4
word_tfidf_250a,4
word_tfidf_38,4
word_tfidf_agent,4
word_tfidf_255d,4
word_tfidf_39 cantidad,4
word_tfidf_2529 257d,4
word_tfidf_7d 24,4
word_tfidf_accept,4
word_tfidf_al carrito,4
word_tfidf_56,4
word_tfidf_8859 doctype,4
word_tfidf_3fg,4
word_tfidf_8080 cookie,4
word_tfidf_26,4
word_tfidf_red,3
char_tfidf_le;,3
char_tfidf_u007,3
word_tfidf_u0069 u0070,3
word_tfidf_u0064 u0020,3
word_tfidf_u0064 u0069,3
word_tfidf_34,3
char_tfidf_u0069,3
word_tfidf_u0069 u0063,3
char_tfidf_u0070,3
word_tfidf_u0068 u0061,3
word_tfidf_2520 2520,3
word_tfidf_u0064 u006e,3
word_tfidf_u0066 u0069,3
char_tfidf_appl,3
word_tfidf_quot quot,3
char_tfidf_lenc,3
char_tfidf_ar.j,3
char_tfidf_ar.js,3
word_tfidf_global,3
word_tfidf_2527 2520,3
word_tfidf_u006e u0073,3
word_tfidf_f3,3
word_tfidf_20 24,3
word_tfidf_u0073 u0065,3
word_tfidf_open,3
char_tfidf_<?x,3
word_tfidf_castro,3
char_tfidf_versi,3
char_tfidf_n h,3
char_tfidf_mpa,3
word_tfidf_provincia salamanca,3
word_tfidf_u006f,3
word_tfidf_provincia soria,3
word_tfidf_2527 2529,3
word_tfidf_provincia toledo,3
char_tfidf_a%20,3
word_tfidf_u006d u0070,3
word_tfidf_provincia valladolid,3
char_tfidf_mbre,3
word_tfidf_u006d u0061,3
word_tfidf_color,3
word_tfidf_u006c u0074,3
char_tfidf_uda,3
word_tfidf_u0063 u003a,3
char_tfidf_acce,3
word_tfidf_u0063 u0072,3
word_tfidf_u0061 u0063,3
word_tfidf_u0062,3
word_tfidf_u002f u0062,3
word_tfidf_3fc ciudad,3
word_tfidf_3fc,3
word_tfidf_doctype foo,3
word_tfidf_tienda1 publico,3
word_tfidf_u0032,3
char_tfidf_essi,3
word_tfidf_u0031 u0032,3
char_tfidf_ext,3
char_tfidf_f\u00,3
word_tfidf_u0030 u0022,3
word_tfidf_u002f u0073,3
char_tfidf_form,3
word_tfidf_u002e u0073,3
word_tfidf_49,3
char_tfidf_gene,3
word_tfidf_element foo,3
word_tfidf_u002e u0069,3
word_tfidf_u0020 u0022,3
word_tfidf_u002c u0020,3
char_tfidf_ion:,3
word_tfidf_e1ceres ntc,3
word_tfidf_u0020 u002f,3
word_tfidf_editar jsp,3
word_tfidf_u0024 u0028,3
word_tfidf_u0023,3
word_tfidf_u0020 u0053,3
char_tfidf_enco,3
char_tfidf_emai,3
word_tfidf_u0035 u0032,3
word_tfidf_3fe,3
word_tfidf_u0061 u006d,3
word_tfidf_u0061 u0064,3
word_tfidf_8859,3
word_tfidf_u0061 u0020,3
word_tfidf_remember on,3
word_tfidf_u0050 u0072,3
word_tfidf_u0050,3
char_tfidf_close,3
word_tfidf_45,3
char_tfidf_conte,3
word_tfidf_santa,3
word_tfidf_2525,3
word_tfidf_43,3
word_tfidf_2524 257bjndi,3
word_tfidf_u0043,3
word_tfidf_2524,3
char_tfidf_da1,3
word_tfidf_soria,3
word_tfidf_delete,3
word_tfidf_2522background,3
word_tfidf_3fh ciudad,3
word_tfidf_u003c u003f,3
char_tfidf_dos,3
word_tfidf_3fh,3
char_tfidf_e\u,3
word_tfidf_u0073 u0073,3
word_tfidf_u006f u0073,3
word_tfidf_u0074 u003e,3
char_tfidf_1\u0,3
word_tfidf_jsp id,3
word_tfidf_253d0,3
char_tfidf_sessi,3
char_tfidf_ost h,3
word_tfidf_14,3
char_tfidf_073\u,3
word_tfidf_b1 f1adir,3
char_tfidf_&lo,3
word_tfidf_170,3
char_tfidf_%c0,3
char_tfidf_ontr,3
word_tfidf_oast,3
char_tfidf_061,3
word_tfidf_27 20,3
char_tfidf_20\u0,3
char_tfidf_oni,3
"char_tfidf_""1.",3
char_tfidf_ vers,3
char_tfidf_ us,3
char_tfidf_2f\,3
char_tfidf_sleep,3
char_tfidf_ ge,3
word_tfidf_burgos,3
char_tfidf_3\u,3
word_tfidf_12,3
char_tfidf_p/1,3
char_tfidf_3a\,3
char_tfidf_0069\,3
char_tfidf_/ti,3
word_tfidf_257b,3
char_tfidf_0 co,3
char_tfidf_/loc,3
char_tfidf_/lo,3
char_tfidf_0%8,3
char_tfidf_/1.1,3
char_tfidf_rar,3
char_tfidf_002f,3
char_tfidf_0064\,3
word_tfidf_huesca,3
word_tfidf_api version,3
word_tfidf_foreach,3
char_tfidf_rsio,3
char_tfidf_006e,3
char_tfidf_006e\,3
char_tfidf_006f\,3
char_tfidf_0070,3
char_tfidf_0074,3
word_tfidf_imagenes nuestratierra,3
word_tfidf_asf,3
char_tfidf_s.js,3
word_tfidf_incorrectas http,3
char_tfidf_031,3
word_tfidf_c0,3
word_tfidf_bak http,3
char_tfidf_image,3
char_tfidf_sswo,3
word_tfidf_vaciar carrito,3
char_tfidf_9\u0,3
char_tfidf_6e\,3
word_tfidf_u0076,3
word_tfidf_users,3
char_tfidf_73\,3
char_tfidf_7\u0,3
char_tfidf_nque,3
char_tfidf_80%,3
word_tfidf_u007c,3
char_tfidf_8\u0,3
word_tfidf_u007b u007b,3
word_tfidf_2e,3
word_tfidf_u0078 u0074,3
word_tfidf_valladolid ntc,3
word_tfidf_u0079,3
char_tfidf_61\,3
char_tfidf_525,3
char_tfidf_520%,3
word_tfidf_zaragoza,3
word_tfidf_u0075 u0073,3
char_tfidf_3a\u,3
word_tfidf_u0074 u0070,3
word_tfidf_template utility,2
char_tfidf_nom,2
word_tfidf_google,2
word_tfidf_provincia madrid,2
word_tfidf_on,2
word_tfidf_provincia girona,2
word_tfidf_provincia e1ceres,2
word_tfidf_nuestratierra,2
word_tfidf_21,2
word_tfidf_3fb ciudad,2
word_tfidf_imagenes gif,2
char_tfidf_ing:,2
char_tfidf_ntrol,2
word_tfidf_3fa ciudad,2
word_tfidf_u0020 u0069,2
word_tfidf_20version,2
char_tfidf_ncod,2
word_tfidf_host,2
char_tfidf_r-ag,2
char_tfidf_n: ,2
word_tfidf_http localhost,2
word_tfidf_type,2
"char_tfidf_ion=""",2
word_tfidf_3e 3c,2
word_tfidf_system32,2
word_tfidf_u0020 u0024,2
word_tfidf_guadalajara ntc,2
word_tfidf_20version 3d,2
word_tfidf_guadalajara,2
char_tfidf_pt-,2
"char_tfidf_ip,",2
word_tfidf_3ealert,2
word_tfidf_pl,2
word_tfidf_24 7b,2
word_tfidf_index,2
"char_tfidf_on=""",2
word_tfidf_4861362529278789730,2
char_tfidf_odin,2
word_tfidf_publico,2
char_tfidf_onte,2
word_tfidf_me,2
char_tfidf_lose,2
word_tfidf_registro jsp,2
word_tfidf_6909030637832563290,2
word_tfidf_logs,2
char_tfidf_langu,2
char_tfidf_logi,2
word_tfidf_lol,2
word_tfidf_manchego precio,2
char_tfidf_ompa,2
char_tfidf_ombr,2
char_tfidf_loca,2
char_tfidf_ogin=,2
word_tfidf_madrid,2
word_tfidf_ps1,2
word_tfidf_rioja,2
word_tfidf_3ff ciudad,2
word_tfidf_66,2
word_tfidf_insertar precioa,2
word_tfidf_65,2
word_tfidf_interact sh,2
char_tfidf_p/1.,2
word_tfidf_manchego,2
char_tfidf_p htt,2
word_tfidf_soria ntc,2
word_tfidf_shadow foo,2
word_tfidf_41,2
char_tfidf_mail,2
word_tfidf_42,2
word_tfidf_language,2
word_tfidf_segovia ntc,2
char_tfidf_oct,2
char_tfidf_octyp,2
word_tfidf_latest,2
word_tfidf_rioja precio,2
word_tfidf_lleida,2
word_tfidf_provincia valencia,2
word_tfidf_u0057,2
word_tfidf_u0020 u006c,2
word_tfidf_29 3b,2
char_tfidf_7\u,2
word_tfidf_uname,2
char_tfidf_72\,2
char_tfidf_70\,2
char_tfidf_69\,2
char_tfidf_68\,2
char_tfidf_ ap,2
char_tfidf_ ve,2
char_tfidf_3\u00,2
char_tfidf_ cl,2
char_tfidf_ en,2
char_tfidf_ ho,2
char_tfidf_ ht,2
char_tfidf_ http,2
word_tfidf_u007b u0024,2
char_tfidf_8\u00,2
word_tfidf_u0077,2
word_tfidf_252c 2520,2
word_tfidf_u0075 u0074,2
word_tfidf_u0075,2
word_tfidf_u0074 u0065,2
word_tfidf_u0074 u0061,2
word_tfidf_u0073 u0077,2
word_tfidf_u0073 u0070,2
word_tfidf_u0072 u006f,2
word_tfidf_u0072 u006e,2
word_tfidf_2f cantidad,2
word_tfidf_u0070 u0073,2
word_tfidf_u0070 u006c,2
word_tfidf_u0070 u0068,2
word_tfidf_u0070 u003a,2
char_tfidf_ use,2
char_tfidf_ ver,2
word_tfidf_u0022 u003e,2
char_tfidf_0061\,2
char_tfidf_02d,2
word_tfidf_253f,2
char_tfidf_006f,2
char_tfidf_006d,2
char_tfidf_006c,2
char_tfidf_0065,2
char_tfidf_0061,2
char_tfidf_20s,2
char_tfidf_002e\,2
word_tfidf_259c,2
char_tfidf_/*;,2
word_tfidf_257bjndi,2
char_tfidf_/im,2
char_tfidf_/loca,2
char_tfidf_02f,2
char_tfidf_02f\u,2
char_tfidf_030\,2
char_tfidf_032,2
char_tfidf_-ag,2
char_tfidf_035,2
char_tfidf_03a\,2
char_tfidf_064\,2
char_tfidf_065\u,2
word_tfidf_253cscript,2
char_tfidf_06f\,2
char_tfidf_06f\u,2
char_tfidf_&pr,2
char_tfidf_080/,2
word_tfidf_253b 253c,2
word_tfidf_26b1,2
char_tfidf_%22,2
word_tfidf_u006f u0077,2
word_tfidf_u006f u0072,2
word_tfidf_u006f u0070,2
word_tfidf_u0038 u003b,2
word_tfidf_u0032 u0039,2
word_tfidf_u0034,2
char_tfidf_en ,2
char_tfidf_ecci,2
char_tfidf_e\u00,2
char_tfidf_e\u0,2
char_tfidf_e%c,2
word_tfidf_u006f u0064,2
char_tfidf_ded c,2
char_tfidf_data>,2
word_tfidf_u003e u003c,2
word_tfidf_u0042 u0031,2
word_tfidf_u0043 u0025,2
char_tfidf_d con,2
word_tfidf_u0032 u0038,2
char_tfidf_ersi,2
word_tfidf_u0032 u0030,2
char_tfidf_es/,2
char_tfidf_et:,2
word_tfidf_u0031 u002e,2
"char_tfidf_g,*",2
word_tfidf_u002f u0066,2
word_tfidf_u002f u0065,2
word_tfidf_u002e u006d,2
char_tfidf_gma,2
word_tfidf_u002b,2
char_tfidf_ho%,2
char_tfidf_http/,2
word_tfidf_u0028 u0027,2
char_tfidf_ido,2
word_tfidf_3c 2fscript,2
word_tfidf_u0044 u004f,2
word_tfidf_u0045,2
word_tfidf_u0046 u0053,2
word_tfidf_u0069 u0064,2
word_tfidf_252a,2
char_tfidf_?xml,2
word_tfidf_u006f u0020,2
word_tfidf_u006e u006f,2
word_tfidf_u006e u0069,2
word_tfidf_2529 2520,2
word_tfidf_2fn ciudad,2
char_tfidf_a1/,2
word_tfidf_u006d u002f,2
char_tfidf_a\u00,2
word_tfidf_32,2
word_tfidf_u006a u007d,2
word_tfidf_u0069 u0072,2
word_tfidf_u0069 u006f,2
char_tfidf_agen,2
word_tfidf_u0049,2
word_tfidf_u0067,2
word_tfidf_u0065 u0078,2
word_tfidf_u0065 u0073,2
word_tfidf_u0065 u0070,2
word_tfidf_u0065 u0065,2
char_tfidf_arse,2
word_tfidf_u0063 u0074,2
char_tfidf_b\u0,2
word_tfidf_u0061 u0073,2
char_tfidf_calh,2
word_tfidf_u0061,2
word_tfidf_girona ntc,2
word_tfidf_u0052,2
char_tfidf_comp,2
word_tfidf_u0054 u0045,2
word_tfidf_u002e u0063,2
word_tfidf_credenciales,2
word_tfidf_86,2
word_tfidf_16,2
char_tfidf_u006e,2
word_tfidf__self env,2
word_tfidf_element,2
word_tfidf_en,2
char_tfidf_u006c,2
char_tfidf_u0068,2
char_tfidf_text,2
word_tfidf_f3n ib,2
word_tfidf_data user,2
word_tfidf_attacker com,2
word_tfidf_drivers etc,2
char_tfidf_trol,2
word_tfidf_drivers,2
char_tfidf_yste,2
word_tfidf_17,2
word_tfidf_b2 vaciar,2
word_tfidf_85 cantidad,2
word_tfidf_b2a vaciar,2
char_tfidf_uag,2
word_tfidf_delay,2
char_tfidf_tp/,2
word_tfidf_af,2
has_union_select,2
char_tfidf_utf,2
word_tfidf_bearer,2
word_tfidf_bearer eyjhbgcioijiuzi1niisinr5cci6ikpxvcj9,2
word_tfidf_bg,2
char_tfidf_s.j,2
word_tfidf_di,2
word_tfidf_e9s,2
char_tfidf_u005,2
word_tfidf_e9rico precio,2
word_tfidf_css,2
word_tfidf_css http,2
char_tfidf_tf-,2
char_tfidf_u002f,2
word_tfidf_caja http,2
char_tfidf_sp h,2
word_tfidf_evil,2
word_tfidf_20 20,2
has_log4j_obfuscation,2
word_tfidf_any,2
word_tfidf_api data,2
word_tfidf_estilos,2
word_tfidf_92,2
word_tfidf_caja,2
char_tfidf_ttp:,2
word_tfidf_fetch,2
dotdot_back_count,2
char_tfidf_tien,2
char_tfidf_syste,2
word_tfidf_88,2
word_tfidf_end,2
char_tfidf_enda,1
char_tfidf_enes,1
word_tfidf_u003a u002d,1
word_tfidf_2522 253e,1
word_tfidf_u003a u0020,1
char_tfidf_ed co,1
word_tfidf_u0039 u0025,1
word_tfidf_u0034 u0030,1
word_tfidf_u0035 u0033,1
word_tfidf_2520x,1
word_tfidf_u003b u0020,1
char_tfidf_egis,1
word_tfidf_u0035 u0034,1
word_tfidf_u0038 u0035,1
char_tfidf_e/p,1
word_tfidf_u0038 u0039,1
"char_tfidf_e, ",1
word_tfidf_2520system 2520,1
word_tfidf_diagnostics,1
word_tfidf_2520system,1
word_tfidf_u0035 u003b,1
word_tfidf_u0035,1
word_tfidf_u0039 u002f,1
word_tfidf_u0038 u0020,1
char_tfidf_tp/1.,1
char_tfidf_do=,1
char_tfidf_dire,1
char_tfidf_codin,1
word_tfidf_u004d,1
word_tfidf_u004d u004c,1
char_tfidf_clos,1
word_tfidf_u004e,1
word_tfidf_u004f u004e,1
word_tfidf_u0053 u0053,1
word_tfidf_u0053 u0059,1
char_tfidf_ttp/1,1
word_tfidf_u0054 u0054,1
word_tfidf_u0055,1
word_tfidf_u0055 u0073,1
char_tfidf_chars,1
word_tfidf_u0059,1
char_tfidf_ccion,1
word_tfidf_credenciales incorrectas,1
char_tfidf_cati,1
word_tfidf_cuenca ntc,1
word_tfidf_u004a,1
char_tfidf_coo,1
char_tfidf_tp:/,1
word_tfidf_destination,1
word_tfidf_u003c u0066,1
char_tfidf_din,1
word_tfidf_u003f,1
word_tfidf_u003f u003e,1
word_tfidf_ae c0,1
char_tfidf_entr,1
word_tfidf_u0043 u0054,1
char_tfidf_cook,1
word_tfidf_u0043 u006f,1
word_tfidf_deflate,1
char_tfidf_d co,1
char_tfidf_ctype,1
word_tfidf_2524 257blower,1
word_tfidf_u0045 u0054,1
word_tfidf_u0047,1
char_tfidf_enes/,1
word_tfidf_getfilter,1
char_tfidf_entra,1
word_tfidf_u0020 u0061,1
word_tfidf_system file,1
word_tfidf_2520 2525,1
word_tfidf_target,1
char_tfidf_jsp?,1
word_tfidf_3fd,1
word_tfidf_encoding iso,1
word_tfidf_templates,1
word_tfidf_teruel,1
word_tfidf_teruel ntc,1
word_tfidf_3fb,1
char_tfidf_istro,1
char_tfidf_istra,1
char_tfidf_istr,1
char_tfidf_irec,1
word_tfidf_transform,1
word_tfidf_en http,1
word_tfidf_u0020 u004c,1
word_tfidf_ee,1
word_tfidf_accept charset,1
char_tfidf_kon,1
char_tfidf_l v,1
word_tfidf_3ff,1
word_tfidf_errormsg credenciales,1
word_tfidf_etc otrs,1
char_tfidf_local,1
char_tfidf_llid,1
char_tfidf_like ,1
char_tfidf_lido,1
word_tfidf_queso,1
char_tfidf_lho,1
word_tfidf_quot gt,1
char_tfidf_lain,1
word_tfidf_env registerundefinedfiltercallback,1
word_tfidf_error,1
char_tfidf_la/,1
word_tfidf_root,1
word_tfidf_salamanca,1
word_tfidf_46,1
word_tfidf_segovia,1
word_tfidf_self environ,1
word_tfidf_server,1
char_tfidf_incia,1
word_tfidf_u0020 u0064,1
word_tfidf_u0032 u0046,1
word_tfidf_u0020 u0065,1
char_tfidf_genes,1
char_tfidf_gen,1
word_tfidf_u002f u002e,1
word_tfidf_u002f u0031,1
char_tfidf_g: ,1
word_tfidf_drop,1
word_tfidf_u0030 u002e,1
word_tfidf_u0030 u0030,1
char_tfidf_ttp:/,1
char_tfidf_f-8,1
word_tfidf_u0030 u0037,1
word_tfidf_u0030 u0041,1
word_tfidf_2520linux 2529,1
char_tfidf_text/,1
word_tfidf_u0031 u0029,1
char_tfidf_tf-8,1
char_tfidf_essio,1
word_tfidf_u0031 u0039,1
char_tfidf_er-ag,1
word_tfidf_u002e u0065,1
char_tfidf_gin=,1
word_tfidf_u002e u0030,1
word_tfidf_u0022 u0068,1
char_tfidf_in=,1
word_tfidf_u0020 u0073,1
word_tfidf_u0020 u0074,1
word_tfidf_u0020 u0075,1
word_tfidf_u0021 u0044,1
word_tfidf_u0022 u002f,1
word_tfidf_accept language,1
char_tfidf_iiwi,1
word_tfidf_e9rico,1
word_tfidf_u002e u002f,1
word_tfidf_u0025 u0063,1
char_tfidf_ico/,1
word_tfidf_u0026 u0042,1
word_tfidf_u0027 u0029,1
char_tfidf_i6ik,1
word_tfidf_2520encoding,1
word_tfidf_3b 3c,1
word_tfidf_u002d u0063,1
word_tfidf_2520konqueror 253b,1
char_tfidf_u0030,1
char_tfidf_c1%,1
char_tfidf_ li,1
char_tfidf_25\u0,1
word_tfidf_192 168,1
word_tfidf_192,1
char_tfidf_ ut,1
char_tfidf_ utf,1
"char_tfidf_""?><",1
word_tfidf_base,1
char_tfidf_20\,1
word_tfidf_barcelona ntc,1
word_tfidf_27 3b,1
word_tfidf_barcelona,1
char_tfidf_%25c,1
char_tfidf_%2e,1
char_tfidf_%80%,1
char_tfidf_%80%a,1
char_tfidf_&nom,1
char_tfidf_&nomb,1
char_tfidf_074\u,1
word_tfidf_253c foo,1
word_tfidf_29 20,1
char_tfidf_2e\u0,1
char_tfidf_072,1
char_tfidf_2f\u,1
word_tfidf_vaciar,1
word_tfidf_valladolid,1
word_tfidf_2c 20,1
word_tfidf_version data,1
char_tfidf_65\u0,1
word_tfidf_vino rioja,1
char_tfidf_64\,1
char_tfidf_5\u00,1
char_tfidf_520%2,1
"char_tfidf_5, ",1
char_tfidf_4\u00,1
char_tfidf_ (c,1
word_tfidf_253a 2520,1
char_tfidf_ystem,1
char_tfidf_ def,1
char_tfidf_32\,1
word_tfidf_253a 2btamper,1
char_tfidf_31\,1
char_tfidf_ htt,1
word_tfidf_b1 confirmar,1
char_tfidf_070\u,1
word_tfidf_users all,1
char_tfidf_../..,1
"char_tfidf_.0""?>",1
word_tfidf_255d 253e,1
char_tfidf_0035,1
char_tfidf_0032\,1
char_tfidf_0032,1
char_tfidf_0031\,1
char_tfidf_0025\,1
char_tfidf_0025,1
char_tfidf_.jsp,1
word_tfidf_0177,1
word_tfidf_257d 257d,1
char_tfidf_//lo,1
"char_tfidf_0""?><",1
has_ssti_class_access,1
char_tfidf_/mi,1
char_tfidf_/mie,1
char_tfidf_/miem,1
char_tfidf_/publ,1
char_tfidf_/xhtm,1
char_tfidf_006c\,1
char_tfidf_....,1
char_tfidf_*/*;q,1
word_tfidf_application www,1
char_tfidf_06e\,1
word_tfidf_authorization bearer,1
char_tfidf_06c\u,1
word_tfidf_authorization,1
char_tfidf_065\,1
word_tfidf_auth,1
char_tfidf_061\u,1
char_tfidf_031\u,1
char_tfidf_-con,1
char_tfidf_02f\,1
word_tfidf_asp,1
char_tfidf_02e\u,1
word_tfidf_asf logo,1
char_tfidf_-for,1
char_tfidf_-form,1
word_tfidf_as,1
char_tfidf_020\u,1
char_tfidf_0073\,1
word_tfidf_254 170,1
char_tfidf_xt/,1
word_tfidf_2c la,1
char_tfidf_c0%2,1
char_tfidf_apell,1
char_tfidf_angu,1
word_tfidf_u0067 u0065,1
char_tfidf_alh,1
word_tfidf_u0068,1
word_tfidf_36,1
char_tfidf_agent,1
char_tfidf_agene,1
word_tfidf_u0069 u0065,1
word_tfidf_u0069 u006d,1
char_tfidf_u006f,1
char_tfidf_ae%,1
word_tfidf_u006a u0061,1
word_tfidf_u006a u006e,1
word_tfidf_u006b,1
char_tfidf_ache ,1
word_tfidf_32 65,1
word_tfidf_u006c u002b,1
word_tfidf_25281,1
word_tfidf_u006c u003b,1
word_tfidf_confirmar http,1
char_tfidf_appli,1
word_tfidf_u006e u003d,1
word_tfidf_u0065 u0076,1
word_tfidf_u0062 u006c,1
word_tfidf_u0063 u0025,1
word_tfidf_u0063 u002f,1
word_tfidf_u0063 u0030,1
char_tfidf_b\u00,1
char_tfidf_u002e,1
word_tfidf_u0064 u0022,1
word_tfidf_252529,1
word_tfidf_20 5b,1
word_tfidf_publico autenticar,1
word_tfidf_u0064 u006f,1
word_tfidf_25253b,1
word_tfidf_u0065 u0061,1
char_tfidf_u0031,1
word_tfidf_u0065 u0066,1
word_tfidf_u0065 u006e,1
word_tfidf_u0065 u0071,1
word_tfidf_content type,1
char_tfidf_u003a,1
word_tfidf_u006e u002f,1
word_tfidf_u006e u0061,1
word_tfidf_user agent,1
word_tfidf_caracteristicas,1
char_tfidf_: t,1
word_tfidf_u0073 u0069,1
word_tfidf_u0073 u006f,1
word_tfidf_20 23,1
word_tfidf_u0074 u002d,1
word_tfidf_u0074 u0064,1
word_tfidf_u0074 u0072,1
word_tfidf_u0074 u0079,1
char_tfidf_9\u00,1
word_tfidf_u0075 u0065,1
word_tfidf_u0075 u0072,1
word_tfidf_u0077 u0065,1
char_tfidf_8080,1
word_tfidf_u0078 u0078,1
char_tfidf_80 co,1
char_tfidf_80 c,1
word_tfidf_u007d u007d,1
word_tfidf_uff0e uff0e,1
char_tfidf_72\u,1
word_tfidf_u0073 u003a,1
word_tfidf_u0072 u006c,1
word_tfidf_u006e u0063,1
word_tfidf_2f b1,1
word_tfidf_u006e u0064,1
word_tfidf_u006e u0071,1
word_tfidf_2529 2529,1
word_tfidf_u006f u0025,1
char_tfidf_?><,1
char_tfidf_=regi,1
word_tfidf_u006f u003e,1
word_tfidf_charset,1
word_tfidf_u006f u006d,1
word_tfidf_u006f u006f,1
word_tfidf_u006f u0075,1
"char_tfidf_=""1.0",1
"char_tfidf_=""1.",1
word_tfidf_u0070 u0065,1
word_tfidf_u0071 u0075,1
word_tfidf_u0072 u0020,1
char_tfidf_:808,1
word_tfidf_u0072 u0061,1
word_tfidf_u0072 u0064,1
char_tfidf_login,1
char_tfidf_/xh,1
char_tfidf_nes/,1
word_tfidf_juan,1
char_tfidf_ssion,1
word_tfidf_la cp,1
word_tfidf_miembros,1
word_tfidf_20http 3a,1
char_tfidf_rse,1
word_tfidf_modo insertar,1
word_tfidf_modo registro,1
word_tfidf_proc self,1
char_tfidf_ovin,1
word_tfidf_onmouseover,1
word_tfidf_eyjhbgcioijiuzi1niisinr5cci6ikpxvcj9,1
word_tfidf_png,1
word_tfidf_jsp http,1
word_tfidf_navarra,1
word_tfidf_73,1
char_tfidf_rovin,1
word_tfidf_id http,1
word_tfidf_le,1
word_tfidf_72,1
word_tfidf_lt doctype,1
word_tfidf_20text,1
word_tfidf_provincia lleida,1
word_tfidf_gt lt,1
char_tfidf_ogin,1
char_tfidf_re=,1
char_tfidf_r.js,1
char_tfidf_rov,1
word_tfidf_84,1
word_tfidf_provincia burgos,1
char_tfidf_sp?,1
word_tfidf_las,1
word_tfidf_hostname,1
word_tfidf_plain,1
word_tfidf_64,1
word_tfidf_provincia palencia,1
char_tfidf_nda1,1
word_tfidf_7bjndi,1
word_tfidf_pagar jsp,1
word_tfidf_pagar,1
word_tfidf_jar,1
char_tfidf_ncode,1
word_tfidf_5d 20,1
word_tfidf_insertar precio,1
word_tfidf_22 3e,1
word_tfidf_2130706433,1
word_tfidf_jam,1
char_tfidf_ser-,1
word_tfidf_f1adir,1
word_tfidf_iso 8859,1
word_tfidf_on b1,1
word_tfidf_oast me,1
word_tfidf_passwd foo,1
char_tfidf_st h,1
word_tfidf_20x,1
word_tfidf_php ini,1
char_tfidf_ntro,1
char_tfidf_pt-l,1
char_tfidf_ntrar,1
char_tfidf_st ht,1
char_tfidf_nten,1
word_tfidf_image,1
word_tfidf_nombre queso,1
word_tfidf_netdoc,1
word_tfidf_for jndi,1
char_tfidf_ppl,1
char_tfidf_p/1.1,1
char_tfidf_nomb,1
word_tfidf_nombre jam,1
word_tfidf_group,1
word_tfidf_ib,1
word_tfidf_publico anadir,1
word_tfidf_etc x11,1
char_tfidf_mbre=,1
word_tfidf_local,1
char_tfidf_mage,1
char_tfidf_on:,1
word_tfidf_69,1
char_tfidf_on/,1
word_tfidf_evil com,1
word_tfidf_20system 20,1
char_tfidf_magen,1
word_tfidf_etc shadow,1
word_tfidf_files icewarp,1
char_tfidf_on: ,1
char_tfidf_onne,1
word_tfidf_provincia tarragona,1
word_tfidf_files x86,1
word_tfidf_20system,1
char_tfidf_regi,1
char_tfidf_swor,1
word_tfidf_linux,1
char_tfidf_ontro,1
char_tfidf_age:,0
word_tfidf_252c 2520utf,0
"char_tfidf_8,im",0
char_tfidf_x-w,0
"char_tfidf_8,i",0
char_tfidf_age/p,0
char_tfidf_x-gzi,0
word_tfidf_252c 2520x,0
char_tfidf_ser>,0
char_tfidf_8080 ,0
word_tfidf_20str1,0
"char_tfidf_8, ut",0
"char_tfidf_8, u",0
"char_tfidf_8,ima",0
char_tfidf_xhtm,0
char_tfidf_80/ti,0
char_tfidf_80/t,0
char_tfidf_80/,0
char_tfidf_80%ae,0
char_tfidf_x-ww,0
char_tfidf_age: ,0
char_tfidf_p://,0
char_tfidf_80%a,0
char_tfidf_8080/,0
char_tfidf_80%80,0
char_tfidf_80%8,0
word_tfidf_20no,0
char_tfidf_x-www,0
word_tfidf_20 22file,0
char_tfidf_p://l,0
char_tfidf_a1/p,0
char_tfidf_8;q,0
"char_tfidf_p, x-",0
char_tfidf_onnec,0
"char_tfidf_p, de",0
char_tfidf_: a,0
char_tfidf_: ap,0
char_tfidf_www-,0
char_tfidf_: app,0
"char_tfidf_p, d",0
word_tfidf_252bxml 252ctext,0
char_tfidf_: cl,0
char_tfidf_onq,0
"char_tfidf_p, ",0
word_tfidf_20 22http,0
char_tfidf_: clo,0
word_tfidf_252bxml,0
char_tfidf_: en,0
"char_tfidf_p, x",0
char_tfidf_age/,0
char_tfidf_8;q=,0
char_tfidf_www-f,0
char_tfidf_8;q=0,0
char_tfidf_x-gz,0
word_tfidf_252c 252a,0
word_tfidf_252c 2520gzip,0
char_tfidf_x-g,0
char_tfidf_x-def,0
word_tfidf_252c 2520deflate,0
char_tfidf_x-de,0
"char_tfidf_9,t",0
"char_tfidf_9,te",0
"char_tfidf_9,tex",0
char_tfidf_x-d,0
char_tfidf_x) kh,0
char_tfidf_x) k,0
char_tfidf_x) ,0
"char_tfidf_8, ",0
char_tfidf_xhtml,0
char_tfidf_8 (li,0
char_tfidf_u0063,0
char_tfidf_xt/p,0
char_tfidf_pe:,0
char_tfidf_xt/ht,0
word_tfidf_2525c1,0
char_tfidf_69\u,0
char_tfidf_69\u0,0
word_tfidf_252cimage,0
char_tfidf_agma:,0
char_tfidf_agma,0
char_tfidf_6\u0,0
char_tfidf_xt/h,0
char_tfidf_patib,0
char_tfidf_6\u00,0
word_tfidf_252capplication xml,0
char_tfidf_6c\u,0
word_tfidf_252cimage png,0
char_tfidf_xt/pl,0
char_tfidf_6d\,0
char_tfidf_pe: ,0
char_tfidf_ser-a,0
word_tfidf_252ctext plain,0
char_tfidf_xt/x,0
char_tfidf_61\u,0
char_tfidf_61\u0,0
word_tfidf_252ctext html,0
char_tfidf_63\u,0
char_tfidf_63\u0,0
word_tfidf_20linux 29,0
char_tfidf_pe: a,0
char_tfidf_64\u,0
char_tfidf_64\u0,0
word_tfidf_2525c0,0
word_tfidf_252ctext,0
char_tfidf_65\u,0
char_tfidf_6c\u0,0
char_tfidf_6d\u,0
char_tfidf_8 (l,0
char_tfidf_70\u0,0
word_tfidf_20localhost 3a8080,0
char_tfidf_72\u0,0
char_tfidf_xml v,0
char_tfidf_73\u,0
char_tfidf_73\u0,0
word_tfidf_20mozilla,0
word_tfidf_20mozilla 20,0
word_tfidf_252capplication xhtml,0
char_tfidf_74\u,0
char_tfidf_74\u0,0
word_tfidf_20 22,0
char_tfidf_: j,0
char_tfidf_7\u00,0
word_tfidf_252capplication,0
char_tfidf_8 (,0
"char_tfidf_xml,",0
char_tfidf_70\u,0
char_tfidf_6d\u0,0
word_tfidf_20localhost,0
word_tfidf_2526 2520sleep,0
char_tfidf_onid,0
char_tfidf_onid=,0
char_tfidf_6e\u,0
char_tfidf_6e\u0,0
char_tfidf_6f\,0
char_tfidf_6f\u,0
char_tfidf_6f\u0,0
word_tfidf_20 29,0
"char_tfidf_xml,t",0
char_tfidf_u0065,0
char_tfidf_6ik,0
char_tfidf_6ikp,0
"char_tfidf_xml,a",0
char_tfidf_pati,0
char_tfidf_: en ,0
char_tfidf_ww-f,0
char_tfidf_ww-fo,0
char_tfidf_utf-8,0
word_tfidf_252a 252a,0
char_tfidf_ux),0
char_tfidf_os/,0
char_tfidf_=reg,0
char_tfidf_orm-u,0
char_tfidf_aaaa,0
char_tfidf_orm-,0
word_tfidf_20 255c,0
word_tfidf_20root,0
char_tfidf_?xml ,0
char_tfidf_set: ,0
char_tfidf_\.\,0
word_tfidf_20sleep,0
word_tfidf_25281 2529,0
char_tfidf_user>,0
char_tfidf_ubli,0
char_tfidf_ooki,0
"char_tfidf_=0.9,",0
char_tfidf_=0.9,0
word_tfidf_20root 20,0
char_tfidf_uage:,0
char_tfidf_=0.,0
char_tfidf_=0.5,0
char_tfidf_=0.5 ,0
"char_tfidf_=0.5,",0
word_tfidf_20 2527,0
char_tfidf_ubl,0
char_tfidf_=0.8,0
word_tfidf_20 252f,0
char_tfidf_ux) k,0
char_tfidf_ux) ,0
char_tfidf_set:,0
word_tfidf_20str,0
char_tfidf_aaaaa,0
"char_tfidf_=0.8,",0
char_tfidf_\.\.,0
char_tfidf_\.\.\,0
word_tfidf_2529 253b,0
word_tfidf_2528like,0
word_tfidf_2528echo,0
char_tfidf_a: no,0
char_tfidf_a: n,0
char_tfidf_a/5,0
word_tfidf_20 27,0
char_tfidf_a/5.,0
char_tfidf_a/5.0,0
char_tfidf_ueror,0
char_tfidf_uero,0
char_tfidf_a: ,0
char_tfidf_a1/i,0
word_tfidf_20 28compatible,0
char_tfidf_a1/pu,0
char_tfidf_a1/m,0
char_tfidf_a1/mi,0
char_tfidf_urle,0
char_tfidf_ookie,0
word_tfidf_20sleep 200,0
word_tfidf_2528like 2520gecko,0
char_tfidf_user-,0
char_tfidf_or/3.,0
word_tfidf_20 257c,0
word_tfidf_2528compatible,0
word_tfidf_2529 2524,0
word_tfidf_20 26,0
word_tfidf_2529 2522,0
word_tfidf_2529 2520pragma,0
word_tfidf_2529 2520khtml,0
char_tfidf_or/3,0
char_tfidf_ublic,0
char_tfidf_or/,0
word_tfidf_20sleep 201,0
char_tfidf_urlen,0
word_tfidf_2528compatible 253b,0
word_tfidf_20 2526,0
word_tfidf_252a 253bq,0
word_tfidf_20no cache,0
char_tfidf_: no-,0
char_tfidf_: n,0
char_tfidf_p h,0
char_tfidf_: no,0
char_tfidf_ww-,0
word_tfidf_20else,0
char_tfidf_ozill,0
char_tfidf_ozil,0
word_tfidf_20encoding,0
word_tfidf_20pragma 3a,0
word_tfidf_20 25,0
char_tfidf_: te,0
char_tfidf_ozi,0
char_tfidf_: tex,0
char_tfidf_: u,0
char_tfidf_: ut,0
char_tfidf_: utf,0
word_tfidf_2526lol 253b,0
word_tfidf_2526lol,0
word_tfidf_20str 3d,0
char_tfidf_: moz,0
char_tfidf_: js,0
word_tfidf_20encoding 3d,0
char_tfidf_u006d,0
char_tfidf_udad,0
char_tfidf_: jse,0
char_tfidf_: l,0
char_tfidf_onqu,0
char_tfidf_onque,0
char_tfidf_: lo,0
char_tfidf_u0072,0
word_tfidf_20 28like,0
char_tfidf_: loc,0
char_tfidf_: m,0
char_tfidf_p ht,0
char_tfidf_: mo,0
char_tfidf_ache-,0
char_tfidf_: x,0
char_tfidf_: x-,0
char_tfidf_; l,0
char_tfidf_ost:,0
char_tfidf_w-fo,0
word_tfidf_20en 20host,0
char_tfidf_; li,0
char_tfidf_; lin,0
char_tfidf_;q=,0
char_tfidf_;q=0,0
char_tfidf_accep,0
char_tfidf_w-f,0
char_tfidf_;q=0.,0
char_tfidf_vinci,0
char_tfidf_<?xm,0
char_tfidf_vinc,0
char_tfidf_<?xml,0
word_tfidf_20 2522,0
char_tfidf_uage,0
char_tfidf_; kon,0
char_tfidf_: x-g,0
char_tfidf_; ko,0
char_tfidf_w-for,0
char_tfidf_ovinc,0
word_tfidf_252b,0
char_tfidf_u0074,0
char_tfidf_onten,0
word_tfidf_20else 20sleep,0
word_tfidf_20en,0
char_tfidf_://l,0
word_tfidf_20pragma,0
char_tfidf_://lo,0
char_tfidf_:80,0
char_tfidf_ost:8,0
char_tfidf_ost: ,0
char_tfidf_:8080,0
char_tfidf_; k,0
word_tfidf_252e,0
word_tfidf_23exec cmd,0
word_tfidf_252e 252e,0
char_tfidf_r-a,0
char_tfidf_r/3,0
char_tfidf_r.jsp,0
char_tfidf_025\,0
char_tfidf_025\u,0
word_tfidf_253ealert,0
word_tfidf_253e 255d,0
word_tfidf_20http,0
char_tfidf_r-age,0
word_tfidf_0x5c 0x5c,0
word_tfidf_253f 250d,0
word_tfidf_253e 253croot,0
has_tcp_shell,0
char_tfidf_030\u,0
has_wildcard_cmd,0
char_tfidf_031\,0
char_tfidf_quero,0
word_tfidf_100 cantidad,0
char_tfidf_032\,0
char_tfidf_r/3.,0
word_tfidf_253f 253e,0
char_tfidf_032\u,0
char_tfidf_ragm,0
word_tfidf_255c,0
word_tfidf_0a 20str1,0
word_tfidf_0a 20then,0
word_tfidf_0aecho,0
char_tfidf_006d\,0
word_tfidf_0x2e0x2e,0
char_tfidf_ragma,0
has_php_wrapper,0
word_tfidf_20host 3a,0
word_tfidf_253fxml,0
word_tfidf_255b 253c,0
word_tfidf_0x2f,0
char_tfidf_rovi,0
word_tfidf_254 169,0
char_tfidf_0072\,0
word_tfidf_253fxml 2520version,0
char_tfidf_r/3.5,0
word_tfidf_0x5c,0
word_tfidf_1099,0
word_tfidf_253e 253cfoo,0
word_tfidf_255c c0,0
char_tfidf_q=0.,0
char_tfidf_069\,0
char_tfidf_069\u,0
word_tfidf_253d 2522alert,0
char_tfidf_06c\,0
char_tfidf_q=0.5,0
word_tfidf_253d 25221,0
char_tfidf_06d\,0
char_tfidf_06d\u,0
char_tfidf_rset,0
char_tfidf_q=0.8,0
char_tfidf_06e\u,0
word_tfidf_253croot 253e,0
nested_quotes_count,0
char_tfidf_rset:,0
shell_var_count,0
word_tfidf_253croot,0
char_tfidf_070\,0
char_tfidf_q=0,0
word_tfidf_253d 2524,0
word_tfidf_253d0 2520accept,0
word_tfidf_20http 20user,0
word_tfidf_253d1041264011025374727,0
char_tfidf_035\,0
char_tfidf_035\u,0
char_tfidf_038,0
char_tfidf_038\,0
char_tfidf_038\u,0
word_tfidf_253e 253c,0
word_tfidf_10s,0
word_tfidf_253d5765205567234876235,0
has_base64_exec,0
word_tfidf_1389,0
char_tfidf_061\,0
word_tfidf_253d0 252ctext,0
char_tfidf_063\,0
char_tfidf_063\u,0
word_tfidf_253d0 252cimage,0
char_tfidf_q=0.9,0
char_tfidf_064\u,0
word_tfidf_253d0 252c,0
word_tfidf_255c 255c,0
word_tfidf_255cetc,0
char_tfidf_072\u,0
char_tfidf_0%80%,0
char_tfidf_ror/,0
char_tfidf_rm-u,0
word_tfidf_2574,0
word_tfidf_2573,0
word_tfidf_2572,0
char_tfidf_0%5,0
char_tfidf_rm-,0
char_tfidf_0%80,0
char_tfidf_0%a,0
"char_tfidf_0""?>",0
char_tfidf_0%ae,0
char_tfidf_0%ae%,0
char_tfidf_0.5,0
char_tfidf_0.5 ,0
word_tfidf_01 c0,0
char_tfidf_0.5 a,0
"char_tfidf_0.5,",0
char_tfidf_rlenc,0
has_ssti_arithmetic_probe,0
"char_tfidf_0""?",0
"char_tfidf_0.5, ",0
char_tfidf_0 (c,0
char_tfidf_/xht,0
char_tfidf_rol:,0
word_tfidf_257b 2523str,0
word_tfidf_00 c1,0
word_tfidf_20gecko,0
word_tfidf_00 foo,0
"char_tfidf_/xml,",0
char_tfidf_0 (,0
char_tfidf_0 (co,0
word_tfidf_01,0
word_tfidf_2574 252e,0
word_tfidf_00 quot,0
char_tfidf_0 coo,0
word_tfidf_20foo 20,0
word_tfidf_20gecko 29,0
char_tfidf_rm-ur,0
word_tfidf_00 root,0
word_tfidf_00 test,0
char_tfidf_rlen,0
char_tfidf_0.8,0
word_tfidf_20host,0
word_tfidf_2561,0
word_tfidf_20gzip 2c,0
char_tfidf_recci,0
char_tfidf_0033,0
char_tfidf_recc,0
char_tfidf_0035\,0
char_tfidf_0038,0
char_tfidf_0038\,0
word_tfidf_2563,0
word_tfidf_255d 2520,0
char_tfidf_0030\,0
word_tfidf_0a 20fi,0
word_tfidf_20foo,0
word_tfidf_0a 20if,0
char_tfidf_0063,0
char_tfidf_0063\,0
char_tfidf_ros/,0
word_tfidf_255cn,0
word_tfidf_0a 20str,0
word_tfidf_2565,0
word_tfidf_2569,0
"char_tfidf_0.8,",0
word_tfidf_256f 2563,0
"char_tfidf_0.8,i",0
char_tfidf_0.9,0
"char_tfidf_0.9,",0
"char_tfidf_0.9,t",0
char_tfidf_0/t,0
word_tfidf_01 c1,0
word_tfidf_2570,0
char_tfidf_0/tie,0
char_tfidf_ror/3,0
word_tfidf_256b,0
word_tfidf_20gzip,0
word_tfidf_256f,0
word_tfidf_256e,0
char_tfidf_regis,0
word_tfidf_256d,0
word_tfidf_0177 01,0
word_tfidf_0a 20else,0
word_tfidf_256c,0
word_tfidf_253cfoo 253e,0
word_tfidf_253cfoo,0
char_tfidf_5; li,0
char_tfidf_35\,0
char_tfidf_zilla,0
char_tfidf_31\u0,0
char_tfidf_plica,0
char_tfidf_zill,0
char_tfidf_plic,0
word_tfidf_20konqueror 3b,0
char_tfidf_32\u,0
char_tfidf_32\u0,0
char_tfidf_35\u,0
char_tfidf_png,0
char_tfidf_35\u0,0
char_tfidf_38\,0
char_tfidf_38\u,0
char_tfidf_38\u0,0
word_tfidf_1c c1,0
char_tfidf_plain,0
word_tfidf_253a 257d,0
char_tfidf_plai,0
char_tfidf_31\u,0
char_tfidf_30\u0,0
word_tfidf_253a 2520x,0
char_tfidf_3.5,0
word_tfidf_253a burpcollab,0
"char_tfidf_png,*",0
word_tfidf_253a attacker,0
char_tfidf_2e\u,0
"char_tfidf_png,",0
word_tfidf_1c,0
char_tfidf_s.jsp,0
char_tfidf_2f\u0,0
char_tfidf_3.5.,0
char_tfidf_30\u,0
char_tfidf_3.5.8,0
"char_tfidf_zip, ",0
word_tfidf_20fi,0
"char_tfidf_zip,",0
char_tfidf_3.5;,0
char_tfidf_3.5; ,0
word_tfidf_1c c0,0
char_tfidf_30\,0
word_tfidf_253a 253a,0
word_tfidf_1cetc,0
word_tfidf_20konqueror,0
word_tfidf_1s,0
char_tfidf_5.0,0
char_tfidf_xxxx,0
char_tfidf_5.0 ,0
char_tfidf_5.0 (,0
char_tfidf_5.8,0
char_tfidf_5.8 ,0
char_tfidf_5.8 (,0
word_tfidf_252f c0,0
char_tfidf_pell,0
"char_tfidf_5, *;",0
word_tfidf_252f 252f,0
char_tfidf_xt/xm,0
word_tfidf_252f,0
char_tfidf_52520,0
word_tfidf_252e c1,0
word_tfidf_252e c0,0
char_tfidf_5; ,0
char_tfidf_5; l,0
char_tfidf_ain;,0
"char_tfidf_5, *",0
char_tfidf_ype: ,0
word_tfidf_253a 2520en,0
char_tfidf_ype:,0
char_tfidf_3a\u0,0
word_tfidf_253a 2520utf,0
word_tfidf_253a 2520text,0
word_tfidf_253a 2520no,0
word_tfidf_253a 2520mozilla,0
word_tfidf_253a 2520localhost,0
word_tfidf_253a 2520jsessionid,0
word_tfidf_253a 2520close,0
word_tfidf_252fetc,0
word_tfidf_20linux,0
char_tfidf_pelli,0
word_tfidf_252fscript 253e,0
char_tfidf_5 a,0
word_tfidf_1cetc c1,0
char_tfidf_5 ac,0
char_tfidf_5 acc,0
char_tfidf_xxxxx,0
word_tfidf_253a callback,0
word_tfidf_253a etc,0
char_tfidf_073\,0
char_tfidf_1/i,0
char_tfidf_pt-en,0
word_tfidf_253b 2520linux,0
"char_tfidf_1.0""",0
"char_tfidf_1.0""?",0
word_tfidf_253b 2520konqueror,0
char_tfidf_1.1 ,0
word_tfidf_172,0
char_tfidf_1.1 u,0
char_tfidf_1/m,0
char_tfidf_pt-la,0
char_tfidf_1/mi,0
char_tfidf_pt-e,0
char_tfidf_1/mie,0
char_tfidf_1/p,0
char_tfidf_1/pu,0
char_tfidf_pt-ch,0
char_tfidf_pt-c,0
char_tfidf_1/pub,0
word_tfidf_253b 2526lol,0
char_tfidf_1 use,0
word_tfidf_172 16,0
word_tfidf_20if 20,0
char_tfidf_publi,0
char_tfidf_publ,0
char_tfidf_074\,0
word_tfidf_20if,0
word_tfidf_253c 253fxml,0
word_tfidf_253c 252fscript,0
char_tfidf_pt: t,0
char_tfidf_pt: ,0
char_tfidf_080 ,0
char_tfidf_1 us,0
char_tfidf_080 c,0
word_tfidf_168,0
char_tfidf_080/t,0
word_tfidf_253c 2521doctype,0
word_tfidf_253bq 253d0,0
word_tfidf_253bq,0
char_tfidf_1 u,0
has_nosql_operator,0
word_tfidf_253armi 253a,0
word_tfidf_20fi 20,0
word_tfidf_253a evil,0
word_tfidf_253a443,0
word_tfidf_20khtml 20,0
word_tfidf_253a8080,0
char_tfidf_pplic,0
char_tfidf_ppli,0
word_tfidf_253a80,0
char_tfidf_post ,0
word_tfidf_253a53,0
word_tfidf_253a4444,0
char_tfidf_25\,0
char_tfidf_prag,0
char_tfidf_25\u,0
char_tfidf_post,0
word_tfidf_253a389,0
word_tfidf_253a1389,0
word_tfidf_253a1099,0
word_tfidf_253a oast,0
word_tfidf_253a localhost,0
word_tfidf_253a interact,0
char_tfidf_rsion,0
word_tfidf_253a8080 2520cookie,0
word_tfidf_253armi,0
word_tfidf_20khtml,0
char_tfidf_provi,0
word_tfidf_253aldaps 253a,0
word_tfidf_253aldaps,0
word_tfidf_253aldap 253a,0
word_tfidf_253aldap,0
char_tfidf_prov,0
char_tfidf_20\u,0
word_tfidf_20jsessionid,0
char_tfidf_pragm,0
word_tfidf_253a8080 tienda1,0
word_tfidf_253aiiop 253a,0
word_tfidf_253aiiop,0
word_tfidf_253adns 253a,0
word_tfidf_253adns,0
word_tfidf_18,0
word_tfidf_253acorba 253a,0
word_tfidf_253acorba,0
word_tfidf_253a9999,0
"char_tfidf_on=""1",0
char_tfidf_u0033,0
char_tfidf_ain;q,0
char_tfidf_n/xh,0
char_tfidf_i6ikp,0
word_tfidf_2520en 2520host,0
char_tfidf_ible,0
char_tfidf_ible;,0
word_tfidf_2520en,0
char_tfidf_icat,0
char_tfidf_icati,0
word_tfidf_2520else 2520sleep,0
char_tfidf_n/x-w,0
char_tfidf_ie: j,0
word_tfidf_2520else,0
word_tfidf_2520deflate 2520accept,0
char_tfidf_n/x-,0
char_tfidf_id>,0
word_tfidf_207 20,0
char_tfidf_n/x,0
char_tfidf_idos,0
char_tfidf_ie:,0
char_tfidf_n/xht,0
char_tfidf_n/xm,0
word_tfidf_207,0
char_tfidf_n/xml,0
"char_tfidf_te,",0
char_tfidf_he-co,0
char_tfidf_te ac,0
char_tfidf_ho%2,0
word_tfidf_2520gecko 2529,0
word_tfidf_2520gecko,0
char_tfidf_host:,0
char_tfidf_st:80,0
word_tfidf_2520foo 2520,0
word_tfidf_2520foo,0
char_tfidf_html+,0
char_tfidf_html/,0
char_tfidf_html;,0
word_tfidf_2520fi 2520,0
word_tfidf_2520fi,0
char_tfidf_te a,0
word_tfidf_2520encoding 253d,0
char_tfidf_ie: ,0
word_tfidf_2520deflate,0
char_tfidf_he-,0
char_tfidf_mozil,0
char_tfidf_mpat,0
word_tfidf_208,0
char_tfidf_in;,0
char_tfidf_in;q,0
word_tfidf_208 20,0
char_tfidf_ta>,0
char_tfidf_in;q=,0
word_tfidf_2520accept 253a,0
char_tfidf_mozi,0
char_tfidf_iemb,0
word_tfidf_2520accept,0
char_tfidf_moz,0
word_tfidf_221 22,0
word_tfidf_25201 2520,0
word_tfidf_22alert,0
word_tfidf_25201,0
word_tfidf_22alert 281,0
char_tfidf_ml;q=,0
char_tfidf_mpati,0
word_tfidf_2520accept charset,0
word_tfidf_2520accept encoding,0
char_tfidf_illa/,0
char_tfidf_iembr,0
word_tfidf_2520cookie 253a,0
word_tfidf_2520cookie,0
char_tfidf_ienda,0
word_tfidf_2520connection 253a,0
word_tfidf_221,0
char_tfidf_n hos,0
word_tfidf_20connection,0
word_tfidf_2520connection,0
char_tfidf_ike ,0
char_tfidf_n ho,0
char_tfidf_ike g,0
word_tfidf_2520close,0
word_tfidf_2520cache control,0
word_tfidf_2520cache,0
word_tfidf_2520accept language,0
word_tfidf_20close,0
char_tfidf_he-c,0
"char_tfidf_te, ",0
char_tfidf_inu,0
"char_tfidf_g,*/*",0
char_tfidf_flate,0
word_tfidf_2520if 2520,0
word_tfidf_2520if,0
word_tfidf_21doctype 20root,0
word_tfidf_22 20encoding,0
char_tfidf_form-,0
word_tfidf_203 20,0
"char_tfidf_g,*/",0
char_tfidf_g: x,0
"char_tfidf_n=""1.",0
word_tfidf_204,0
word_tfidf_204 20,0
char_tfidf_g: x-,0
char_tfidf_ge/,0
word_tfidf_205,0
char_tfidf_ge/p,0
char_tfidf_ge/pn,0
char_tfidf_ge:,0
char_tfidf_flat,0
word_tfidf_2520jsessionid,0
word_tfidf_2520khtml,0
char_tfidf_st:8,0
word_tfidf_2520localhost,0
char_tfidf_evil,0
char_tfidf_nect,0
char_tfidf_ext/h,0
char_tfidf_ext/p,0
char_tfidf_ext/x,0
char_tfidf_nda1/,0
char_tfidf_eyj,0
word_tfidf_2520linux,0
word_tfidf_21doctype,0
"char_tfidf_f-8,",0
"char_tfidf_f-8, ",0
char_tfidf_f-8;,0
char_tfidf_f-8;q,0
word_tfidf_21doctype 20foo,0
word_tfidf_2520konqueror,0
word_tfidf_2520khtml 2520,0
char_tfidf_ge: ,0
char_tfidf_ge: e,0
char_tfidf_he ca,0
char_tfidf_gzi,0
char_tfidf_gistr,0
"char_tfidf_te, g",0
char_tfidf_gma:,0
char_tfidf_gma: ,0
word_tfidf_2520host,0
char_tfidf_guag,0
char_tfidf_guage,0
char_tfidf_n: c,0
char_tfidf_gzip,0
word_tfidf_2520http 253a,0
"char_tfidf_gzip,",0
word_tfidf_2520gzip 252c,0
char_tfidf_hars,0
char_tfidf_harse,0
word_tfidf_2520gzip,0
char_tfidf_he a,0
char_tfidf_he ac,0
char_tfidf_he c,0
char_tfidf_gist,0
char_tfidf_n: cl,0
char_tfidf_n;q,0
word_tfidf_2520host 253a,0
"char_tfidf_n=""1",0
char_tfidf_geck,0
char_tfidf_gecko,0
word_tfidf_22 3f,0
char_tfidf_tent-,0
word_tfidf_205 20,0
word_tfidf_206,0
char_tfidf_n;q=0,0
word_tfidf_206 20,0
char_tfidf_gent,0
char_tfidf_gent:,0
char_tfidf_/x-ww,0
word_tfidf_2520http 2520user,0
char_tfidf_get ,0
char_tfidf_get h,0
word_tfidf_2520http,0
char_tfidf_n;q=,0
char_tfidf_ing: ,0
char_tfidf_inux,0
word_tfidf_2525ae,0
char_tfidf_t-la,0
char_tfidf_mbro,0
char_tfidf_la/5,0
char_tfidf_t-lan,0
char_tfidf_la/5.,0
char_tfidf_lai,0
char_tfidf_lain;,0
word_tfidf_2520 2522http,0
char_tfidf_lang,0
char_tfidf_t-l,0
char_tfidf_le; k,0
word_tfidf_2520 2522file,0
char_tfidf_t-enc,0
char_tfidf_t-en,0
word_tfidf_2520 2522,0
char_tfidf_late ,0
char_tfidf_sword,0
"char_tfidf_late,",0
char_tfidf_t-e,0
char_tfidf_l;q=0,0
char_tfidf_swo,0
char_tfidf_l;q=,0
char_tfidf_l;q,0
"char_tfidf_l,t",0
char_tfidf_t/ht,0
char_tfidf_t/h,0
word_tfidf_22http 3a,0
"char_tfidf_l,te",0
"char_tfidf_l,tex",0
char_tfidf_l/3,0
char_tfidf_t-typ,0
word_tfidf_20accept language,0
char_tfidf_l/3.,0
char_tfidf_l/3.5,0
char_tfidf_t-ty,0
word_tfidf_209 20,0
char_tfidf_mbros,0
char_tfidf_l: ,0
char_tfidf_l: n,0
char_tfidf_l: no,0
char_tfidf_le; ,0
char_tfidf_t-cha,0
"char_tfidf_l,app",0
char_tfidf_mage/,0
char_tfidf_linux,0
word_tfidf_24 7bstr1,0
char_tfidf_lla/,0
char_tfidf_lla/5,0
char_tfidf_t htt,0
char_tfidf_llido,0
word_tfidf_24 28echo,0
char_tfidf_t ht,0
word_tfidf_24 28,0
word_tfidf_250d 250aset,0
word_tfidf_23str 7d,0
word_tfidf_23str,0
char_tfidf_t h,0
char_tfidf_m-u,0
char_tfidf_m-ur,0
char_tfidf_m-url,0
char_tfidf_ma:,0
char_tfidf_ma: ,0
char_tfidf_linu,0
word_tfidf_2500,0
char_tfidf_like,0
word_tfidf_2500 22,0
char_tfidf_t-ch,0
word_tfidf_250d,0
word_tfidf_20accept,0
char_tfidf_lenco,0
word_tfidf_20accept encoding,0
word_tfidf_250aset cookie,0
word_tfidf_20accept charset,0
char_tfidf_lhos,0
char_tfidf_lhost,0
word_tfidf_250aset,0
char_tfidf_lica,0
char_tfidf_licat,0
char_tfidf_lico,0
char_tfidf_lico/,0
word_tfidf_20accept 3a,0
word_tfidf_23exec,0
char_tfidf_lidos,0
char_tfidf_miem,0
char_tfidf_t/htm,0
char_tfidf_inux),0
"char_tfidf_ml,a",0
char_tfidf_t: u,0
"char_tfidf_ml,te",0
char_tfidf_irecc,0
word_tfidf_2520 252a,0
char_tfidf_t: te,0
char_tfidf_t: t,0
"char_tfidf_ml,t",0
"char_tfidf_ml,ap",0
word_tfidf_2520 2529,0
word_tfidf_2520 2528compatible,0
char_tfidf_iuda,0
"char_tfidf_ml,",0
char_tfidf_iudad,0
char_tfidf_t: mo,0
word_tfidf_2520 2528like,0
char_tfidf_jse,0
char_tfidf_jses,0
char_tfidf_t: m,0
word_tfidf_2520 255b,0
"char_tfidf_ip, x",0
"char_tfidf_ip, d",0
"char_tfidf_ip, ",0
word_tfidf_25200,0
word_tfidf_2520 ne,0
char_tfidf_t:808,0
char_tfidf_ion/,0
char_tfidf_ion/x,0
char_tfidf_t:80,0
char_tfidf_ml;q,0
char_tfidf_ml;,0
word_tfidf_2520 257c,0
word_tfidf_2520 255d,0
char_tfidf_t:8,0
char_tfidf_ml/3.,0
char_tfidf_ioni,0
char_tfidf_t: ut,0
char_tfidf_ionid,0
char_tfidf_ml/3,0
word_tfidf_22file,0
char_tfidf_jsess,0
char_tfidf_t: lo,0
"char_tfidf_l,ap",0
char_tfidf_l+x,0
char_tfidf_konq,0
char_tfidf_miemb,0
char_tfidf_konqu,0
word_tfidf_20cache,0
char_tfidf_strar,0
char_tfidf_l ve,0
char_tfidf_l ver,0
word_tfidf_2520 2524,0
char_tfidf_t/xml,0
char_tfidf_ml+xm,0
char_tfidf_l+xm,0
char_tfidf_t/xm,0
char_tfidf_t/x,0
char_tfidf_t/pla,0
char_tfidf_t/pl,0
char_tfidf_t/p,0
char_tfidf_l+xml,0
"char_tfidf_l,a",0
word_tfidf_22http,0
char_tfidf_ko) p,0
char_tfidf_ko) ,0
char_tfidf_ko),0
char_tfidf_ml+x,0
char_tfidf_ml+,0
char_tfidf_ml ve,0
char_tfidf_t: l,0
word_tfidf_2520 2526,0
char_tfidf_ml v,0
char_tfidf_ke ,0
word_tfidf_20cache control,0
char_tfidf_ke g,0
char_tfidf_ke ge,0
char_tfidf_kht,0
char_tfidf_khtm,0
char_tfidf_khtml,0
word_tfidf_22file 3a,0
word_tfidf_209,0
char_tfidf_kie:,0
char_tfidf_kie: ,0
word_tfidf_2520localhost 253a8080,0
word_tfidf_2520mozilla,0
char_tfidf_et: u,0
char_tfidf_che-,0
word_tfidf_20then 20sleep,0
char_tfidf_oded ,0
word_tfidf_252520fi,0
char_tfidf_che ,0
char_tfidf_che a,0
char_tfidf_oded,0
word_tfidf_20tr,0
char_tfidf_che c,0
char_tfidf_che-c,0
char_tfidf_ttp/,0
word_tfidf_20tr 20,0
word_tfidf_252520else 252520sleep,0
word_tfidf_252520else,0
char_tfidf_cho%2,0
word_tfidf_20cookie,0
word_tfidf_2525201 252520,0
word_tfidf_2525201,0
word_tfidf_2525200,0
word_tfidf_252520fi 252520,0
word_tfidf_252520if,0
char_tfidf_cept:,0
char_tfidf_cept-,0
word_tfidf_252520str,0
word_tfidf_20 eq,0
word_tfidf_20then,0
char_tfidf_calho,0
word_tfidf_252520sleep 2525201,0
word_tfidf_252520sleep 2525200,0
char_tfidf_catio,0
word_tfidf_20cookie 3a,0
char_tfidf_oding,0
word_tfidf_252520sleep,0
char_tfidf_ccep,0
char_tfidf_ccept,0
word_tfidf_252520if 252520,0
char_tfidf_ccio,0
char_tfidf_ssio,0
char_tfidf_cep,0
char_tfidf_cept,0
word_tfidf_252520 ne,0
char_tfidf_ciud,0
word_tfidf_252520str1,0
char_tfidf_o) p,0
word_tfidf_252520,0
char_tfidf_conn,0
char_tfidf_conne,0
char_tfidf_trol:,0
word_tfidf_25250a,0
char_tfidf_o-c,0
word_tfidf_252500 2522,0
char_tfidf_o) pr,0
char_tfidf_o) ,0
char_tfidf_ocalh,0
word_tfidf_252500,0
word_tfidf_200,0
word_tfidf_20connection 3a,0
char_tfidf_ctio,0
word_tfidf_20utf 2c,0
char_tfidf_ction,0
word_tfidf_2524 257bstr1,0
char_tfidf_nux) ,0
char_tfidf_o-ca,0
char_tfidf_compa,0
word_tfidf_252520 252524,0
char_tfidf_codi,0
char_tfidf_ciuda,0
word_tfidf_252520 25257c,0
char_tfidf_ocal,0
word_tfidf_20user,0
char_tfidf_cko),0
char_tfidf_cko) ,0
word_tfidf_252520 25255d,0
word_tfidf_20user agent,0
word_tfidf_20utf,0
char_tfidf_sswor,0
word_tfidf_20 ne,0
char_tfidf_co/,0
char_tfidf_o-cac,0
word_tfidf_252520 25255b,0
word_tfidf_252520 252527,0
word_tfidf_252520 252526,0
char_tfidf_coded,0
word_tfidf_252520str 25253d,0
word_tfidf_252520str1 25253d,0
char_tfidf_necti,0
char_tfidf_arset,0
char_tfidf_on/x-,0
char_tfidf_u0035,0
char_tfidf_ma: n,0
word_tfidf_25257bstr1,0
char_tfidf_on/x,0
char_tfidf_u0032,0
word_tfidf_25257b 252523str,0
char_tfidf_ompat,0
word_tfidf_25257b,0
word_tfidf_25253d,0
word_tfidf_25255d 252520,0
word_tfidf_25255d,0
word_tfidf_25255c,0
char_tfidf_ata>,0
word_tfidf_25255b,0
word_tfidf_25253d 252524,0
char_tfidf_ate a,0
"char_tfidf_ate,",0
char_tfidf_u0038,0
word_tfidf_20deflate 20accept,0
char_tfidf_on/xh,0
char_tfidf_on/xm,0
word_tfidf_252580 2525ae,0
char_tfidf_sioni,0
char_tfidf_alho,0
char_tfidf_alhos,0
word_tfidf_252580 252580,0
char_tfidf_u0061,0
word_tfidf_20 2a,0
char_tfidf_angua,0
word_tfidf_20str1 3d,0
word_tfidf_252580,0
char_tfidf_apel,0
char_tfidf_on: c,0
word_tfidf_25257d 252520,0
word_tfidf_20echo,0
word_tfidf_25257d,0
char_tfidf_u004,0
word_tfidf_25257bstr1 25257d,0
"char_tfidf_ate, ",0
char_tfidf_atib,0
word_tfidf_252520then,0
word_tfidf_252524,0
word_tfidf_252524 25257bstr1,0
word_tfidf_20 5c,0
char_tfidf_sp ht,0
char_tfidf_bre=,0
word_tfidf_252524 25257b,0
char_tfidf_bros,0
char_tfidf_bros/,0
word_tfidf_252524 252528echo,0
word_tfidf_20 5d,0
char_tfidf_atibl,0
word_tfidf_252523str 25257d,0
word_tfidf_252523str,0
word_tfidf_20text xml,0
char_tfidf_type:,0
char_tfidf_odo=,0
word_tfidf_252522,0
word_tfidf_252520then 252520sleep,0
word_tfidf_20 7c,0
char_tfidf_blico,0
char_tfidf_blic,0
word_tfidf_252526,0
char_tfidf_ble; ,0
word_tfidf_20deflate,0
char_tfidf_ombre,0
word_tfidf_25252f,0
word_tfidf_25252e,0
word_tfidf_252529 252520,0
char_tfidf_ol: n,0
word_tfidf_252528echo,0
char_tfidf_ol: ,0
char_tfidf_ol:,0
word_tfidf_252527,0
word_tfidf_252526 252526,0
char_tfidf_okie:,0
char_tfidf_u0025,0
char_tfidf_u0020,0
char_tfidf_okie,0
word_tfidf_252526 252520sleep,0
char_tfidf_ble;,0
word_tfidf_200 0a,0
word_tfidf_200 20,0
char_tfidf_tp://,0
word_tfidf_201 20,0
char_tfidf_elli,0
char_tfidf_ellid,0
char_tfidf_nguag,0
char_tfidf_tion/,0
char_tfidf_email,0
char_tfidf_ngua,0
char_tfidf_embr,0
char_tfidf_embro,0
char_tfidf_en h,0
word_tfidf_2520str 253d,0
char_tfidf_en ho,0
word_tfidf_2520str1 253d,0
word_tfidf_201 3b,0
char_tfidf_st: ,0
char_tfidf_encod,0
word_tfidf_2520str1,0
char_tfidf_ng: x,0
char_tfidf_tiend,0
word_tfidf_201 0a,0
char_tfidf_nid,0
char_tfidf_nid=,0
word_tfidf_2520text,0
word_tfidf_2520utf 253bq,0
word_tfidf_2520utf 252c,0
char_tfidf_ecko,0
char_tfidf_ecko),0
word_tfidf_2520utf,0
word_tfidf_2520user agent,0
word_tfidf_2520user,0
word_tfidf_2520then 2520sleep,0
char_tfidf_ed c,0
char_tfidf_nnec,0
word_tfidf_2520then,0
char_tfidf_efl,0
char_tfidf_efla,0
char_tfidf_eflat,0
word_tfidf_20x gzip,0
word_tfidf_2520text xml,0
char_tfidf_egist,0
char_tfidf_enda1,0
char_tfidf_ng: ,0
char_tfidf_nux),0
char_tfidf_st: l,0
word_tfidf_2520root 2520,0
word_tfidf_202 20,0
char_tfidf_tible,0
word_tfidf_2520root,0
word_tfidf_2520pragma 253a,0
char_tfidf_tibl,0
word_tfidf_203,0
word_tfidf_2520pragma,0
char_tfidf_tf-8;,0
word_tfidf_2520str,0
"char_tfidf_ng,",0
word_tfidf_2520no cache,0
word_tfidf_2520no,0
char_tfidf_et h,0
"char_tfidf_tf-8,",0
word_tfidf_2520mozilla 2520,0
char_tfidf_et: ,0
word_tfidf_21 23exec,0
char_tfidf_eror/,0
char_tfidf_eror,0
word_tfidf_2520sleep,0
char_tfidf_er>,0
char_tfidf_ent-,0
char_tfidf_ent-t,0
char_tfidf_ent:,0
char_tfidf_ent: ,0
char_tfidf_ng:,0
word_tfidf_2520sleep 25201,0
char_tfidf_ept-,0
char_tfidf_ept-c,0
char_tfidf_ept-e,0
char_tfidf_ept-l,0
char_tfidf_ept:,0
char_tfidf_ept: ,0
"char_tfidf_ng,*/",0
word_tfidf_2520sleep 25200,0
char_tfidf_er-a,0
"char_tfidf_ng,*",0
word_tfidf_202,0
word_tfidf_2520version,0
word_tfidf_2520version 253d,0
char_tfidf_eccio,0
char_tfidf_rol: ,0
char_tfidf_tml;,0
word_tfidf_2522alert 25281,0
char_tfidf_defl,0
char_tfidf_defla,0
word_tfidf_20wc 20,0
word_tfidf_2522alert,0
char_tfidf_ding:,0
char_tfidf_nt: m,0
char_tfidf_nt: ,0
word_tfidf_201,0
char_tfidf_direc,0
char_tfidf_dni,0
char_tfidf_nt:,0
word_tfidf_25221,0
char_tfidf_nt-ty,0
word_tfidf_2522 253f,0
char_tfidf_nt-t,0
word_tfidf_2522 2520encoding,0
char_tfidf_ded ,0
char_tfidf_tml;q,0
char_tfidf_ntent,0
word_tfidf_2522file,0
word_tfidf_20utf 3bq,0
word_tfidf_2524 257b,0
word_tfidf_2524 2528echo,0
word_tfidf_2524 2528,0
word_tfidf_200 3b,0
char_tfidf_tp/1,0
word_tfidf_2523str 257d,0
word_tfidf_2523str,0
char_tfidf_da1/,0
char_tfidf_da1/i,0
char_tfidf_da1/m,0
char_tfidf_da1/p,0
word_tfidf_2522http 253a,0
word_tfidf_2522http,0
char_tfidf_st:,0
word_tfidf_20wc,0
word_tfidf_2522file 253a,0
char_tfidf_e ac,0
char_tfidf_e acc,0
word_tfidf_2521doctype 2520root,0
char_tfidf_no-ca,0
char_tfidf_no-c,0
char_tfidf_e/png,0
word_tfidf_2520x deflate,0
char_tfidf_e: a,0
char_tfidf_no-,0
char_tfidf_e: ap,0
char_tfidf_e: e,0
char_tfidf_e: en,0
char_tfidf_e: j,0
char_tfidf_e: js,0
char_tfidf_e; ,0
char_tfidf_e; k,0
char_tfidf_e; ko,0
char_tfidf_tml/,0
char_tfidf_tml+x,0
char_tfidf_tml+,0
char_tfidf_nnect,0
char_tfidf_e/pn,0
char_tfidf_e-con,0
char_tfidf_e ca,0
char_tfidf_e-co,0
char_tfidf_e cac,0
char_tfidf_e g,0
char_tfidf_e ge,0
char_tfidf_e gec,0
word_tfidf_2521doctype 2520foo,0
word_tfidf_2521doctype,0
word_tfidf_2520x gzip,0
char_tfidf_nt-,0
char_tfidf_nquer,0
char_tfidf_tml/3,0
char_tfidf_e%c0,0
char_tfidf_e%c0%,0
word_tfidf_20x deflate,0
char_tfidf_nombr,0
"char_tfidf_e, g",0
"char_tfidf_e, gz",0
char_tfidf_e-c,0
word_tfidf_25221 2522,0
word_tfidf_alert test,0
char_tfidf_/x-w,0
word_tfidf_5cpasswd,0
word_tfidf_otrs,0
word_tfidf_otrs output,0
word_tfidf_5cn,0
word_tfidf_output,0
word_tfidf_output html,0
word_tfidf_packs,0
word_tfidf_packs microsoft,0
word_tfidf_palencia,0
word_tfidf_palencia ntc,0
word_tfidf_parosproxy,0
word_tfidf_parosproxy org,0
word_tfidf_pasar,0
word_tfidf_pasar por,0
word_tfidf_5cissue,0
word_tfidf_passwd 00,0
word_tfidf_5chosts,0
word_tfidf_patch,0
word_tfidf_patch api,0
word_tfidf_5cetc c0,0
word_tfidf_pc,0
word_tfidf_pc c0,0
word_tfidf_pc c1,0
word_tfidf_pcetc,0
word_tfidf_5cn 27,0
word_tfidf_5csystem32,0
word_tfidf_5cetc,0
word_tfidf_opt,0
word_tfidf_netdoc proc,0
word_tfidf_63etc,0
word_tfidf_next,0
word_tfidf_63 c0,0
word_tfidf_no cache,0
word_tfidf_63 35,0
word_tfidf_nombre vino,0
word_tfidf_5e c1,0
word_tfidf_5e c0,0
word_tfidf_nuestratierra jpg,0
word_tfidf_5e,0
word_tfidf_null null,0
word_tfidf_5d 3e,0
word_tfidf_5d 3b,0
word_tfidf_objects,0
word_tfidf_off,0
word_tfidf_ogono,0
word_tfidf_ogono jpg,0
word_tfidf_5d 0a,0
word_tfidf_5cwindows,0
word_tfidf_onerror,0
word_tfidf_onload,0
word_tfidf_onload alert,0
word_tfidf_pcetc c1,0
word_tfidf_5cdrivers,0
word_tfidf_u002e u0038,0
word_tfidf_productos,0
word_tfidf_5c 5c,0
word_tfidf_5c 2e,0
word_tfidf_5b 3c,0
word_tfidf_provincia c1vila,0
word_tfidf_provincia cuenca,0
word_tfidf_5b 209,0
word_tfidf_provincia le,0
word_tfidf_provincia navarra,0
word_tfidf_provincia segovia,0
word_tfidf_5b 208,0
word_tfidf_provincia zamora,0
word_tfidf_provincia zaragoza,0
word_tfidf_5b 207,0
word_tfidf_5b 206,0
word_tfidf_5b 205,0
word_tfidf_public,0
word_tfidf_public att,0
word_tfidf_publico caracteristicas,0
word_tfidf_publico carrito,0
word_tfidf_publico entrar,0
word_tfidf_publico miembros,0
word_tfidf_publico pagar,0
word_tfidf_publico productos,0
word_tfidf_productos jsp,0
word_tfidf_proc version,0
word_tfidf_php filter,0
word_tfidf_5c c0,0
word_tfidf_php4,0
word_tfidf_php5,0
word_tfidf_pla,0
word_tfidf_plain 253bq,0
word_tfidf_plain 3bq,0
word_tfidf_plain image,0
word_tfidf_png 252c,0
word_tfidf_png 2c,0
word_tfidf_png accept,0
word_tfidf_por,0
word_tfidf_por caja,0
word_tfidf_post,0
word_tfidf_post api,0
word_tfidf_post http,0
word_tfidf_pragma,0
word_tfidf_pragma no,0
word_tfidf_5cboot ini,0
word_tfidf_precio 100,0
word_tfidf_precio 39,0
word_tfidf_precio 85,0
word_tfidf_5cboot,0
word_tfidf_5c c1,0
word_tfidf_print echo,0
word_tfidf_netdoc etc,0
word_tfidf_netcoreapp3,0
word_tfidf_net 9999,0
word_tfidf_link,0
word_tfidf_lleida ntc,0
word_tfidf_6e c1,0
word_tfidf_local etc,0
word_tfidf_local temp,0
word_tfidf_6e c0,0
word_tfidf_localhost 253a8080,0
word_tfidf_localhost 3a8080,0
word_tfidf_localhost 8080,0
word_tfidf_localhost 9090,0
word_tfidf_6e,0
word_tfidf_6909030637832563290 jsp,0
word_tfidf_log 00,0
word_tfidf_log auth,0
word_tfidf_log foo,0
word_tfidf_login id,0
word_tfidf_logo,0
word_tfidf_logo gif,0
word_tfidf_logo wide,0
word_tfidf_logs access,0
word_tfidf_logs error,0
word_tfidf_logs error_log,0
word_tfidf_lol amp,0
word_tfidf_lol lol,0
word_tfidf_linux khtml,0
word_tfidf_like gecko,0
word_tfidf_net 8080,0
word_tfidf_lib,0
word_tfidf_jsp b2a,0
word_tfidf_jsp errormsg,0
word_tfidf_jsp errormsga,0
word_tfidf_jsp ida,0
word_tfidf_75,0
word_tfidf_jsp modoa,0
word_tfidf_keyframes,0
word_tfidf_keyframes style,0
word_tfidf_khtml,0
word_tfidf_khtml like,0
word_tfidf_konqueror,0
word_tfidf_konqueror linux,0
word_tfidf_74,0
word_tfidf_language 253a,0
word_tfidf_language 3a,0
word_tfidf_language en,0
word_tfidf_language jndi,0
word_tfidf_latest meta,0
word_tfidf_ldap,0
word_tfidf_ldap oast,0
word_tfidf_ldaps,0
word_tfidf_le f3n,0
word_tfidf_left,0
word_tfidf_lol lolz,0
word_tfidf_lol quot,0
word_tfidf_lolz,0
word_tfidf_lolz gt,0
word_tfidf_miembros jsp,0
word_tfidf_miembros salir,0
word_tfidf_65 c1,0
word_tfidf_65 c0,0
word_tfidf_modoa insertar,0
word_tfidf_mozilla,0
word_tfidf_mozilla compatible,0
word_tfidf_65 32,0
word_tfidf_name email,0
word_tfidf_navarra ntc,0
word_tfidf_ne,0
word_tfidf_ne 20,0
word_tfidf_ne 2520,0
word_tfidf_ne 252520,0
word_tfidf_necho,0
word_tfidf_63etc 35,0
word_tfidf_net 1099,0
word_tfidf_net 1389,0
word_tfidf_net 389,0
word_tfidf_net 443,0
word_tfidf_net 4444,0
word_tfidf_net 53,0
word_tfidf_net 80,0
word_tfidf_miembros index,0
word_tfidf_miembros imagenes,0
word_tfidf_miembros fotos,0
word_tfidf_lt root,0
word_tfidf_68,0
word_tfidf_lower,0
word_tfidf_lower di,0
word_tfidf_lower ndi,0
word_tfidf_67,0
word_tfidf_ls la,0
word_tfidf_66etc 32,0
word_tfidf_lt data,0
word_tfidf_lt foo,0
word_tfidf_lt lolz,0
word_tfidf_lt test,0
word_tfidf_miembros editar,0
word_tfidf_lt xml,0
word_tfidf_madrid ntc,0
word_tfidf_me div,0
word_tfidf_menum,0
word_tfidf_menum jsp,0
word_tfidf_66etc,0
word_tfidf_meta data,0
word_tfidf_66 c0,0
word_tfidf_metadata google,0
word_tfidf_66 32,0
word_tfidf_5b 204,0
word_tfidf_5b 203,0
word_tfidf_pure,0
word_tfidf_u0020 u006e,0
word_tfidf_u0020 u0072,0
word_tfidf_u0020 u0076,0
word_tfidf_u0020 u0078,0
word_tfidf_3d 22alert,0
word_tfidf_u0021 u0065,0
word_tfidf_u0021 u0066,0
word_tfidf_3d 221,0
word_tfidf_u0022 u0020,0
word_tfidf_3cscript 3ealert,0
word_tfidf_u0022 u003f,0
word_tfidf_u0022 u0061,0
word_tfidf_u0022 u0066,0
word_tfidf_3croot 3e,0
word_tfidf_u0024 u0049,0
word_tfidf_3croot,0
word_tfidf_3cfoo 3e,0
word_tfidf_u0025 u0020,0
word_tfidf_u0025 u0025,0
word_tfidf_3cfoo,0
word_tfidf_3c foo,0
word_tfidf_3c 3fxml,0
word_tfidf_u0025 u0035,0
word_tfidf_u0025 u0036,0
word_tfidf_3d 24,0
word_tfidf_3d0,0
word_tfidf_3e 5d,0
word_tfidf_u0020 u0067,0
word_tfidf_toledo ntc,0
word_tfidf_3e 3cfoo,0
word_tfidf_transition,0
word_tfidf_transition color,0
word_tfidf_true contenteditable,0
word_tfidf_3d12312312 26,0
word_tfidf_type application,0
word_tfidf_3d12312312,0
word_tfidf_3d0 2ctext,0
word_tfidf_3d0 2cimage,0
word_tfidf_u0020 u002a,0
word_tfidf_u0020 u0041,0
word_tfidf_3d0 2c,0
word_tfidf_u0020 u0047,0
word_tfidf_u0020 u0048,0
word_tfidf_u0020 u004a,0
word_tfidf_u0020 u004b,0
word_tfidf_u0020 u004d,0
word_tfidf_u0020 u0050,0
word_tfidf_u0020 u0055,0
word_tfidf_3d0 20accept,0
word_tfidf_u0020 u0063,0
word_tfidf_u0020 u0066,0
word_tfidf_u0025 u0038,0
word_tfidf_u0025 u0061,0
word_tfidf_u0025 u0066,0
word_tfidf_u0025 u0075,0
word_tfidf_u002b u0078,0
word_tfidf_3b 20then,0
word_tfidf_u002c u002a,0
word_tfidf_u002c u0061,0
word_tfidf_u002c u0069,0
word_tfidf_u002c u0074,0
word_tfidf_3b 20str1,0
word_tfidf_u002d u0038,0
word_tfidf_u002d u0041,0
word_tfidf_u002d u0043,0
word_tfidf_u002d u0045,0
word_tfidf_u002d u0046,0
word_tfidf_u002d u004c,0
word_tfidf_u002d u0064,0
word_tfidf_u002d u0065,0
word_tfidf_u002d u0067,0
word_tfidf_u002d u006a,0
word_tfidf_u002d u006e,0
word_tfidf_3b 20str,0
word_tfidf_u002e u0025,0
word_tfidf_3b 20linux,0
word_tfidf_3b 20konqueror,0
word_tfidf_u002e u0032,0
word_tfidf_u002a u003b,0
word_tfidf_u002a u0034,0
word_tfidf_u002a u0032,0
word_tfidf_u0028 u0028,0
word_tfidf_3c 21doctype,0
word_tfidf_u0026 u0063,0
word_tfidf_u0026 u0064,0
word_tfidf_u0026 u0065,0
word_tfidf_u0026 u0066,0
word_tfidf_u0026 u006c,0
word_tfidf_u0026 u006e,0
word_tfidf_3bwaitfor delay,0
word_tfidf_3bwaitfor,0
word_tfidf_3bq 3d0,0
word_tfidf_u0028 u0031,0
word_tfidf_u002a u0031,0
word_tfidf_u0028 u0063,0
word_tfidf_u0028 u0065,0
word_tfidf_u0028 u006c,0
word_tfidf_3bq,0
word_tfidf_3becho,0
word_tfidf_u0029 u0022,0
word_tfidf_u0029 u0024,0
word_tfidf_u0029 u0029,0
word_tfidf_3b 26lol,0
word_tfidf_u002a u002f,0
word_tfidf_3e 3croot,0
word_tfidf_3f 3e,0
word_tfidf_pure ftpd,0
word_tfidf_5b 201,0
word_tfidf_quot encoding,0
word_tfidf_quot file,0
word_tfidf_quot http,0
word_tfidf_59,0
word_tfidf_58,0
word_tfidf_57,0
word_tfidf_red style,0
word_tfidf_redirect,0
word_tfidf_ref,0
word_tfidf_referer,0
word_tfidf_referer jndi,0
word_tfidf_registerundefinedfiltercallback,0
word_tfidf_53,0
word_tfidf_50,0
word_tfidf_remember off,0
word_tfidf_remote,0
word_tfidf_remote root,0
word_tfidf_remote system,0
word_tfidf_48,0
word_tfidf_resource,0
word_tfidf_resource etc,0
word_tfidf_returnto,0
word_tfidf_rmi,0
word_tfidf_quot alert,0
word_tfidf_queso manchego,0
word_tfidf_titulo jsp,0
word_tfidf_query user,0
word_tfidf_pureftpd,0
word_tfidf_put,0
word_tfidf_put api,0
word_tfidf_put http,0
word_tfidf_5b 202,0
word_tfidf_pwn,0
word_tfidf_qf,0
word_tfidf_qf 2e,0
word_tfidf_qf bg,0
word_tfidf_qf c0,0
word_tfidf_qfboot,0
word_tfidf_qfboot ini,0
word_tfidf_qfdrivers,0
word_tfidf_qfetc,0
word_tfidf_qfetc bg,0
word_tfidf_qfetc c0,0
word_tfidf_qfhosts,0
word_tfidf_qfissue,0
word_tfidf_qfpasswd,0
word_tfidf_qfsystem32,0
word_tfidf_qfwindows,0
word_tfidf_query,0
word_tfidf_query query,0
word_tfidf_rmi attacker,0
word_tfidf_47,0
word_tfidf_root gt,0
word_tfidf_root lt,0
word_tfidf_system quot,0
word_tfidf_system32 drivers,0
word_tfidf_tab,0
word_tfidf_tab tab,0
word_tfidf_tabindex,0
word_tfidf_tabindex id,0
word_tfidf_3fd ciudad,0
word_tfidf_target color,0
word_tfidf_tarragona,0
word_tfidf_tarragona ntc,0
word_tfidf_temp,0
word_tfidf_test gt,0
word_tfidf_test lt,0
word_tfidf_text html,0
word_tfidf_text plain,0
word_tfidf_text xml,0
word_tfidf_this,0
word_tfidf_tienda1 asf,0
word_tfidf_tienda1 global,0
word_tfidf_tienda1 imagenes,0
word_tfidf_tienda1 index,0
word_tfidf_tienda1 miembros,0
word_tfidf_titulo,0
word_tfidf_system proc,0
word_tfidf_system php,0
word_tfidf_system netdoc,0
word_tfidf_3fxml 20version,0
word_tfidf_salamanca ntc,0
word_tfidf_salir,0
word_tfidf_salir jsp,0
word_tfidf_4444,0
word_tfidf_security,0
word_tfidf_443,0
word_tfidf_self,0
word_tfidf_self fd,0
word_tfidf_sftp,0
word_tfidf_shadow,0
word_tfidf_3fxml,0
word_tfidf_system http,0
word_tfidf_slidein,0
word_tfidf_string,0
word_tfidf_style animation,0
word_tfidf_style keyframes,0
word_tfidf_style target,0
word_tfidf_style transition,0
word_tfidf_sys,0
word_tfidf_sys user,0
word_tfidf_system etc,0
word_tfidf_system expect,0
word_tfidf_jsp b2,0
word_tfidf_jsp asf,0
word_tfidf_jsp 20http,0
word_tfidf_com 4444,0
word_tfidf_com 80,0
word_tfidf_com 8080,0
word_tfidf_com 9999,0
word_tfidf_com evil,0
word_tfidf_compatible,0
word_tfidf_compatible konqueror,0
word_tfidf_computemetadata,0
word_tfidf_computemetadata v1,0
word_tfidf_ae uf025,0
word_tfidf_conf 00,0
word_tfidf_conf httpd,0
word_tfidf_conf php,0
word_tfidf_ae uefc8,0
word_tfidf_config http,0
word_tfidf_config id,0
word_tfidf_confirmar,0
word_tfidf_confirmar 2f,0
word_tfidf_connection,0
word_tfidf_connection close,0
word_tfidf_content,0
word_tfidf_contenteditable,0
word_tfidf_contenteditable drag,0
word_tfidf_contenteditable drop,0
word_tfidf_com 53,0
word_tfidf_com 443,0
word_tfidf_carrito jsp,0
word_tfidf_com 389,0
word_tfidf_cart checkout,0
word_tfidf_castro jpg,0
word_tfidf_af 25c0,0
word_tfidf_af 252e,0
word_tfidf_cb,0
word_tfidf_af 01,0
word_tfidf_char,0
word_tfidf_charset 253a,0
word_tfidf_charset 3a,0
word_tfidf_charset utf,0
word_tfidf_checkout,0
word_tfidf_checkout id,0
word_tfidf_af 00,0
word_tfidf_client,0
word_tfidf_client objects,0
word_tfidf_close,0
word_tfidf_cmd 3d,0
word_tfidf_cmenbul,0
word_tfidf_cmenbul gif,0
word_tfidf_color red,0
word_tfidf_ae0x5c,0
word_tfidf_com 1099,0
word_tfidf_com 1389,0
word_tfidf_contenteditable test,0
word_tfidf_ae u2216,0
word_tfidf_control 253a,0
word_tfidf_control 3a,0
word_tfidf_dest,0
word_tfidf_di dns,0
word_tfidf_ae bg,0
word_tfidf_ae 5c,0
word_tfidf_ae 35,0
word_tfidf_ae 32,0
word_tfidf_ae 2f,0
word_tfidf_div draggable,0
word_tfidf_ae 25c1,0
word_tfidf_ae 25c0,0
word_tfidf_dns oast,0
word_tfidf_ae 255c,0
word_tfidf_doctype data,0
word_tfidf_doctype lolz,0
word_tfidf_doctype root,0
word_tfidf_doctype test,0
word_tfidf_ae,0
word_tfidf_dotnet,0
word_tfidf_dotnet packs,0
word_tfidf_drag,0
word_tfidf_drag me,0
word_tfidf_draggable,0
word_tfidf_draggable true,0
word_tfidf_delete api,0
word_tfidf_delay 270,0
word_tfidf_deflate gzip,0
word_tfidf_creditos,0
word_tfidf_control no,0
word_tfidf_convert,0
word_tfidf_convert base64,0
word_tfidf_ae u2215,0
word_tfidf_cookie 253a,0
word_tfidf_cookie jsessionid,0
word_tfidf_corba,0
word_tfidf_corba interact,0
word_tfidf_ae fc,0
word_tfidf_cpanel,0
word_tfidf_creditos jsp,0
word_tfidf_deflate accept,0
word_tfidf_crontab,0
word_tfidf_cuenca,0
word_tfidf_ae f8,0
word_tfidf_data gt,0
word_tfidf_data id,0
word_tfidf_ae f0,0
word_tfidf_ae e0,0
word_tfidf_ae c1,0
word_tfidf_deflate 252c,0
word_tfidf_deflate 2c,0
word_tfidf_cart,0
word_tfidf_af 2e,0
word_tfidf_admin config,0
word_tfidf_assign,0
word_tfidf_att,0
word_tfidf_att dtd,0
word_tfidf_afsystem32,0
word_tfidf_afpasswd,0
word_tfidf_afissue,0
word_tfidf_auth log,0
word_tfidf_auth login,0
word_tfidf_autofocus,0
word_tfidf_afhosts,0
word_tfidf_afetc f8,0
word_tfidf_afetc f0,0
word_tfidf_afetc e0,0
word_tfidf_afetc c1,0
word_tfidf_afetc c0,0
word_tfidf_afetc,0
word_tfidf_afdrivers,0
word_tfidf_afboot ini,0
word_tfidf_base64,0
word_tfidf_base64 encode,0
word_tfidf_bg qf,0
word_tfidf_bg qfetc,0
word_tfidf_afboot,0
word_tfidf_af0x2e0x2e,0
word_tfidf_assign freemarker,0
word_tfidf_application xml,0
word_tfidf_af 32,0
word_tfidf_application xhtml,0
word_tfidf_alert quot,0
word_tfidf_amp b1,0
word_tfidf_amp lol,0
word_tfidf_alert contenteditable,0
word_tfidf_agent mozilla,0
word_tfidf_agent jndi,0
word_tfidf_animation,0
word_tfidf_animation name,0
word_tfidf_agent 3a,0
word_tfidf_apache conf,0
word_tfidf_apache logs,0
word_tfidf_apache2,0
word_tfidf_apache2 conf,0
word_tfidf_agent 253a,0
word_tfidf_api auth,0
word_tfidf_api cart,0
word_tfidf_api config,0
word_tfidf_api v1,0
word_tfidf_app,0
word_tfidf_app ref,0
word_tfidf_appdata,0
word_tfidf_appdata local,0
word_tfidf_afwindows,0
word_tfidf_boot,0
word_tfidf_boot ini,0
word_tfidf_af f8,0
word_tfidf_burgos ntc,0
word_tfidf_c1 9c,0
word_tfidf_c1 9cetc,0
word_tfidf_c1 af,0
word_tfidf_c1 afetc,0
word_tfidf_c1 pc,0
word_tfidf_c1 pcetc,0
word_tfidf_c1vila,0
word_tfidf_c1vila ntc,0
word_tfidf_cache,0
word_tfidf_cache 20accept,0
word_tfidf_cache 20cache,0
word_tfidf_cache 2520accept,0
word_tfidf_cache 2520cache,0
word_tfidf_cache accept,0
word_tfidf_cache cache,0
word_tfidf_cache control,0
word_tfidf_caja 2f,0
word_tfidf_af e0,0
word_tfidf_callback net,0
word_tfidf_af c1,0
word_tfidf_af c0,0
word_tfidf_af 5c,0
word_tfidf_caracteristicas jsp,0
word_tfidf_c1 8setc,0
word_tfidf_c1 8s,0
word_tfidf_c1 1cetc,0
word_tfidf_c0 9v,0
word_tfidf_burpcollab,0
word_tfidf_burpcollab net,0
word_tfidf_af f0,0
word_tfidf_c0 2e,0
word_tfidf_c0 2f,0
word_tfidf_c0 2fetc,0
word_tfidf_c0 5c,0
word_tfidf_c0 5cetc,0
word_tfidf_c0 5e,0
word_tfidf_c0 6e,0
word_tfidf_c0 9vetc,0
word_tfidf_c1 1c,0
word_tfidf_c0 ae,0
word_tfidf_c0 af,0
word_tfidf_c0 afetc,0
word_tfidf_c0 c0,0
word_tfidf_c0 c1,0
word_tfidf_c0 ee,0
word_tfidf_c0 fe,0
word_tfidf_c0 qf,0
word_tfidf_c0 qfetc,0
word_tfidf_c1,0
word_tfidf_drop here,0
word_tfidf_dtd 22,0
word_tfidf_76,0
word_tfidf_gzip 2c,0
word_tfidf_health,0
word_tfidf_here,0
word_tfidf_host localhost,0
word_tfidf_hostname foo,0
word_tfidf_80 80,0
word_tfidf_hosts 00,0
word_tfidf_hosts foo,0
word_tfidf_80,0
word_tfidf_7ddi,0
word_tfidf_html 253bq,0
word_tfidf_html 3bq,0
word_tfidf_html text,0
word_tfidf_html webmail,0
word_tfidf_7d 3b,0
word_tfidf_http evil,0
word_tfidf_http user,0
word_tfidf_httpd,0
word_tfidf_httpd conf,0
word_tfidf_ib e9rico,0
word_tfidf_icewarp,0
word_tfidf_icewarp html,0
word_tfidf_7d 20,0
word_tfidf_id 22,0
word_tfidf_gzip deflate,0
word_tfidf_gzip 252c,0
word_tfidf_ftpd,0
word_tfidf_gzip,0
word_tfidf_gecko pragma,0
word_tfidf_80 afpasswd,0
word_tfidf_get 20,0
word_tfidf_get 20http,0
word_tfidf_get 2520,0
word_tfidf_get 2520http,0
word_tfidf_get api,0
word_tfidf_80 afissue,0
word_tfidf_80 afhosts,0
word_tfidf_80 afetc,0
word_tfidf_80 afdrivers,0
word_tfidf_git,0
word_tfidf_git config,0
word_tfidf_global creditos,0
word_tfidf_global estilos,0
word_tfidf_global menum,0
word_tfidf_global titulo,0
word_tfidf_google internal,0
word_tfidf_80 afboot,0
word_tfidf_goto,0
word_tfidf_80 af,0
word_tfidf_80 ae,0
word_tfidf_gt gt,0
word_tfidf_id 27,0
word_tfidf_id data,0
word_tfidf_id id,0
word_tfidf_7d 0a,0
word_tfidf_input autofocus,0
word_tfidf_insertar,0
word_tfidf_interact,0
word_tfidf_internal,0
word_tfidf_7bstr1,0
word_tfidf_iso,0
word_tfidf_issue,0
word_tfidf_jam f3n,0
word_tfidf_java os,0
word_tfidf_java version,0
word_tfidf_7b 3a,0
word_tfidf_javascript alert,0
word_tfidf_javascript javascript,0
word_tfidf_7b 24,0
word_tfidf_jndi corba,0
word_tfidf_jndi dns,0
word_tfidf_jndi iiop,0
word_tfidf_jndi ldap,0
word_tfidf_jndi ldaps,0
word_tfidf_jndi rmi,0
word_tfidf_7b 23str,0
word_tfidf_78,0
word_tfidf_jsessionid,0
word_tfidf_input,0
word_tfidf_init,0
word_tfidf_ini foo,0
word_tfidf_imagenes cmenbul,0
word_tfidf_id style,0
word_tfidf_id tabindex,0
word_tfidf_7cecho,0
word_tfidf_ida http,0
word_tfidf_iframe,0
word_tfidf_iiop,0
word_tfidf_image png,0
word_tfidf_image_url,0
word_tfidf_7c 7cecho,0
word_tfidf_imagenes castro,0
word_tfidf_imagenes logo,0
word_tfidf_ini 00,0
word_tfidf_imagenes ogono,0
word_tfidf_imagenes zarauz,0
word_tfidf_7c 7c,0
word_tfidf_7c 20wc,0
word_tfidf_7c 20tr,0
word_tfidf_7c 20sleep,0
word_tfidf_7c 20,0
word_tfidf_incorrectas,0
word_tfidf_index jsp,0
word_tfidf_7bstr1 7d,0
word_tfidf_gecko,0
word_tfidf_ftp,0
word_tfidf_dtd 2522,0
word_tfidf_encoding utf,0
word_tfidf_9v c0,0
word_tfidf_9v,0
word_tfidf_9cetc c1,0
word_tfidf_9cetc,0
word_tfidf_9c c1,0
word_tfidf_env getfilter,0
word_tfidf_9c c0,0
word_tfidf_environ 00,0
word_tfidf_environ foo,0
word_tfidf_eq,0
word_tfidf_eq 20,0
word_tfidf_error log,0
word_tfidf_error_log,0
word_tfidf_9c,0
word_tfidf_errormsga,0
word_tfidf_errormsga credenciales,0
word_tfidf_estilos css,0
word_tfidf_9999,0
word_tfidf_etc crontab,0
word_tfidf_etc hostname,0
word_tfidf_etc httpd,0
word_tfidf_etc init,0
word_tfidf_etc issue,0
word_tfidf_9vetc,0
word_tfidf_encoding quot,0
word_tfidf_80 afsystem32,0
word_tfidf_encoding gzip,0
word_tfidf_dtd en,0
word_tfidf_dtd foo,0
word_tfidf_dtd quot,0
word_tfidf_dtd remote,0
word_tfidf_dtl,0
word_tfidf_access_log,0
word_tfidf_e0 80,0
word_tfidf_access log,0
word_tfidf_e1n,0
word_tfidf_access,0
word_tfidf_accept text,0
word_tfidf_echo 20,0
word_tfidf_ed,0
word_tfidf_accept encoding,0
word_tfidf_ee c0,0
word_tfidf_ee c1,0
word_tfidf__self,0
word_tfidf_en host,0
word_tfidf_encode,0
word_tfidf_encode resource,0
word_tfidf_9vetc c0,0
word_tfidf_encoding 253a,0
word_tfidf_encoding 3a,0
word_tfidf_9090 cookie,0
word_tfidf_etc php,0
word_tfidf_evil dtd,0
word_tfidf_9090,0
word_tfidf_file proc,0
word_tfidf_file var,0
word_tfidf_82,0
word_tfidf_files dotnet,0
word_tfidf_files windowsapps,0
word_tfidf_filter,0
word_tfidf_filter convert,0
word_tfidf_foo 253e,0
word_tfidf_foo 3e,0
word_tfidf_foo any,0
word_tfidf_foo element,0
word_tfidf_foo gt,0
word_tfidf_foo lt,0
word_tfidf_80 afwindows,0
word_tfidf_foreach in,0
word_tfidf_form,0
word_tfidf_form urlencoded,0
word_tfidf_forwarded,0
word_tfidf_forwarded for,0
word_tfidf_fotos,0
word_tfidf_fotos jsp,0
word_tfidf_freemarker,0
word_tfidf_freemarker template,0
word_tfidf_file etc,0
word_tfidf_file boot,0
word_tfidf_ffff 127,0
word_tfidf_f0 80,0
word_tfidf_8setc c1,0
word_tfidf_8setc,0
word_tfidf_8s c1,0
word_tfidf_execute new,0
word_tfidf_expect,0
word_tfidf_expect id,0
word_tfidf_8s c0,0
word_tfidf_eyjhbgcioijiuzi1niisinr5cci6ikpxvcj9 eyjzdwiioiixmjm0nty3odkwiiwibmftzsi6ikpvag4grg9liiwiawf0ijoxnte2mjm5mdiyfq,0
word_tfidf_eyjzdwiioiixmjm0nty3odkwiiwibmftzsi6ikpvag4grg9liiwiawf0ijoxnte2mjm5mdiyfq,0
word_tfidf_f0,0
word_tfidf_8s,0
word_tfidf_ffff,0
word_tfidf_f1adir al,0
word_tfidf_f8,0
word_tfidf_f8 80,0
word_tfidf_fc,0
word_tfidf_fc 80,0
word_tfidf_fd,0
word_tfidf_fe,0
word_tfidf_fe c0,0
word_tfidf_fe c1,0
word_tfidf_85,0
word_tfidf_u002e u0035,0
word_tfidf_u002e u0039,0
char_tfidf_/x-,0
word_tfidf_x27 x27,0
word_tfidf_2a 2a,0
word_tfidf_xhtml,0
word_tfidf_xhtml 252bxml,0
word_tfidf_xhtml 2bxml,0
word_tfidf_xhtml xml,0
word_tfidf_xkb,0
word_tfidf_xml 252capplication,0
word_tfidf_xml 2capplication,0
word_tfidf_xml application,0
word_tfidf_xml text,0
word_tfidf_29 3bwaitfor,0
word_tfidf_29 24,0
word_tfidf_zamora ntc,0
word_tfidf_zaragoza ntc,0
word_tfidf_zarauz,0
word_tfidf_zarauz jpg,0
char_tfidf_ (co,0
char_tfidf_ (com,0
char_tfidf_ (l,0
char_tfidf_ (li,0
char_tfidf_ (lik,0
char_tfidf_ *;,0
char_tfidf_ *;q,0
word_tfidf_x86,0
word_tfidf_2a 3bq,0
char_tfidf_ ac,0
word_tfidf_x11 xkb,0
word_tfidf_version encoding,0
word_tfidf_version foo,0
word_tfidf_version jndi,0
word_tfidf_version quot,0
word_tfidf_vino,0
word_tfidf_visualstudio,0
word_tfidf_volumes,0
word_tfidf_webmail,0
word_tfidf_webmail client,0
word_tfidf_2bxml,0
word_tfidf_2btamper 253d5765205567234876235,0
word_tfidf_wide,0
word_tfidf_wide gif,0
word_tfidf_win,0
word_tfidf_win ini,0
word_tfidf_2btamper 253d1041264011025374727,0
word_tfidf_windows system32,0
word_tfidf_windows win,0
word_tfidf_windowsapps,0
word_tfidf_windowsapps microsoft,0
word_tfidf_2btamper,0
word_tfidf_www form,0
word_tfidf_x11,0
char_tfidf_ *;q=,0
char_tfidf_ acc,0
word_tfidf_u002e u005c,0
char_tfidf_ jse,0
char_tfidf_ kh,0
char_tfidf_ kht,0
char_tfidf_ khtm,0
char_tfidf_ ko,0
char_tfidf_ kon,0
char_tfidf_ konq,0
char_tfidf_ lin,0
char_tfidf_ linu,0
char_tfidf_ loc,0
char_tfidf_ loca,0
word_tfidf_29 0a,0
char_tfidf_ moz,0
char_tfidf_ mozi,0
char_tfidf_ no,0
char_tfidf_ no-,0
char_tfidf_ no-c,0
word_tfidf_alert tabindex,0
char_tfidf_ pra,0
char_tfidf_ prag,0
word_tfidf_28like,0
char_tfidf_ tex,0
char_tfidf_ text,0
char_tfidf_ user,0
char_tfidf_ jses,0
char_tfidf_ js,0
char_tfidf_ acce,0
char_tfidf_ host,0
char_tfidf_ app,0
char_tfidf_ appl,0
word_tfidf_29 22,0
char_tfidf_ cac,0
char_tfidf_ cach,0
char_tfidf_ clo,0
char_tfidf_ clos,0
word_tfidf_29 20pragma,0
char_tfidf_ con,0
char_tfidf_ conn,0
char_tfidf_ cont,0
char_tfidf_ coo,0
char_tfidf_ cook,0
word_tfidf_29 20khtml,0
char_tfidf_ defl,0
char_tfidf_ en ,0
char_tfidf_ en h,0
char_tfidf_ gec,0
char_tfidf_ geck,0
char_tfidf_ gz,0
char_tfidf_ gzi,0
char_tfidf_ gzip,0
char_tfidf_ hos,0
word_tfidf_version doctype,0
word_tfidf_2bxml 2ctext,0
word_tfidf_var log,0
word_tfidf_u0074 u006f,0
word_tfidf_u0074 u0074,0
word_tfidf_u0074 u007d,0
word_tfidf_u0075 u0030,0
word_tfidf_u0075 u0061,0
word_tfidf_u0075 u0062,0
word_tfidf_u0075 u0078,0
word_tfidf_u0076 u0031,0
word_tfidf_2e 25c1,0
word_tfidf_u0076 u0065,0
word_tfidf_u0076 u0069,0
word_tfidf_u0077 u0063,0
word_tfidf_2e 25c0,0
word_tfidf_u0077 u0069,0
word_tfidf_u0077 u0077,0
word_tfidf_u0078 u0029,0
word_tfidf_u0078 u002d,0
word_tfidf_u0078 u0065,0
word_tfidf_u0078 u0068,0
word_tfidf_2ctext plain,0
word_tfidf_2ctext html,0
word_tfidf_u0079 u006c,0
word_tfidf_u007a,0
word_tfidf_u007a u003e,0
word_tfidf_u0074 u0073,0
word_tfidf_u0074 u006d,0
word_tfidf_2c 20deflate,0
word_tfidf_2e 2e,0
word_tfidf_u0072 u006d,0
word_tfidf_u0072 u0070,0
word_tfidf_u0072 u0072,0
word_tfidf_2f 2f,0
word_tfidf_2f 2e,0
word_tfidf_2e f8,0
word_tfidf_2e f0,0
word_tfidf_2e e0,0
word_tfidf_2e c1,0
word_tfidf_2e c0,0
word_tfidf_2e bg,0
word_tfidf_u0073 u0074,0
word_tfidf_2e 5c,0
word_tfidf_u0074 u0020,0
word_tfidf_2e 35,0
word_tfidf_u0074 u002e,0
word_tfidf_u0074 u002f,0
word_tfidf_u0074 u003a,0
word_tfidf_u0074 u003c,0
word_tfidf_u0074 u003d,0
word_tfidf_2e 32,0
word_tfidf_u0074 u0066,0
word_tfidf_2e 2f,0
word_tfidf_u007a u0069,0
word_tfidf_2ctext,0
word_tfidf_u007b u003a,0
word_tfidf_u007b u006a,0
word_tfidf_2capplication xhtml,0
word_tfidf_urlencoded,0
word_tfidf_urlencoded connection,0
word_tfidf_2capplication,0
word_tfidf_user name,0
word_tfidf_2c 2a,0
word_tfidf_username 3d,0
word_tfidf_users appdata,0
word_tfidf_users id,0
word_tfidf_2c 270,0
word_tfidf_usr local,0
word_tfidf_2c 20x,0
word_tfidf_utf accept,0
word_tfidf_utf doctype,0
word_tfidf_utf utf,0
word_tfidf_utility,0
word_tfidf_utility execute,0
word_tfidf_2c 20utf,0
word_tfidf_v1 http,0
word_tfidf_v1 users,0
word_tfidf_vaciar jsp,0
word_tfidf_2c 20gzip,0
word_tfidf_valencia,0
word_tfidf_upper ndi,0
word_tfidf_upper,0
word_tfidf_union all,0
word_tfidf_u2216etc,0
word_tfidf_u007b u006c,0
word_tfidf_2cimage png,0
word_tfidf_u007d u0024,0
word_tfidf_u007d u0064,0
word_tfidf_u2215,0
word_tfidf_u2215 c0,0
word_tfidf_u2215 u2215,0
word_tfidf_u2215etc,0
word_tfidf_u2216,0
word_tfidf_u2216 c0,0
word_tfidf_uefc8,0
word_tfidf_2capplication xml,0
word_tfidf_uefc8 c0,0
word_tfidf_uefc8 uefc8,0
word_tfidf_uefc8etc,0
word_tfidf_uf025,0
word_tfidf_uf025 c0,0
word_tfidf_uf025 uf025,0
word_tfidf_uf025etc,0
word_tfidf_2cimage,0
word_tfidf_uff0e c0,0
word_tfidf_uff0e c1,0
char_tfidf_ utf-,0
char_tfidf_ x-,0
char_tfidf_ x-d,0
char_tfidf_../.,0
char_tfidf_./..,0
char_tfidf_./../,0
char_tfidf_././,0
char_tfidf_././.,0
char_tfidf_.0 ,0
char_tfidf_.0 (,0
char_tfidf_.0 (c,0
"char_tfidf_.0""",0
"char_tfidf_.0""?",0
char_tfidf_.1 ,0
char_tfidf_.1 u,0
char_tfidf_.1 us,0
char_tfidf_.5 ,0
char_tfidf_.5 a,0
char_tfidf_.5 ac,0
"char_tfidf_.5,",0
"char_tfidf_.5, ",0
"char_tfidf_.5, *",0
char_tfidf_.5.,0
char_tfidf_.5.8,0
char_tfidf_.5.8 ,0
char_tfidf_.5;,0
char_tfidf_.5; ,0
word_tfidf_259cetc,0
word_tfidf_259cetc 25c1,0
word_tfidf_25ae c1,0
word_tfidf_25ae,0
char_tfidf_-de,0
char_tfidf_-def,0
char_tfidf_-defl,0
char_tfidf_-en,0
char_tfidf_-enc,0
char_tfidf_-enco,0
char_tfidf_-fo,0
char_tfidf_-gz,0
char_tfidf_-gzi,0
char_tfidf_-gzip,0
word_tfidf_25ae c0,0
char_tfidf_-lan,0
char_tfidf_-lang,0
char_tfidf_-ty,0
char_tfidf_-typ,0
char_tfidf_-type,0
char_tfidf_-ur,0
char_tfidf_-url,0
char_tfidf_-urle,0
char_tfidf_-ww,0
char_tfidf_-www,0
char_tfidf_-www-,0
word_tfidf_25ae 25c0,0
char_tfidf_.5; l,0
char_tfidf_.8 ,0
char_tfidf_.8 (,0
char_tfidf_.8 (l,0
char_tfidf_/3.5,0
char_tfidf_/3.5.,0
char_tfidf_/3.5;,0
char_tfidf_/5.,0
char_tfidf_/5.0,0
char_tfidf_/5.0 ,0
word_tfidf_257d 2520,0
word_tfidf_257c 257c,0
word_tfidf_257bstr1 257d,0
word_tfidf_257bstr1,0
word_tfidf_257blower,0
char_tfidf_/ima,0
char_tfidf_/imag,0
char_tfidf_/pl,0
char_tfidf_/pla,0
char_tfidf_/plai,0
char_tfidf_/pn,0
char_tfidf_/png,0
"char_tfidf_/png,",0
word_tfidf_257b 253a,0
char_tfidf_/pub,0
char_tfidf_/tie,0
char_tfidf_/tien,0
char_tfidf_/3.,0
char_tfidf_/1.1 ,0
word_tfidf_257d 2524,0
word_tfidf_259c 25c1,0
"char_tfidf_.8,",0
"char_tfidf_.8,i",0
"char_tfidf_.8,im",0
"char_tfidf_.9,",0
"char_tfidf_.9,t",0
"char_tfidf_.9,te",0
char_tfidf_.\.,0
char_tfidf_.\.\,0
char_tfidf_.\.\.,0
word_tfidf_259c c0,0
word_tfidf_2580 25ae,0
char_tfidf_//loc,0
word_tfidf_2580 2580,0
word_tfidf_2580,0
char_tfidf_/*;q,0
char_tfidf_/*;q=,0
word_tfidf_257ddi,0
char_tfidf_/../,0
char_tfidf_/../.,0
char_tfidf_/./,0
char_tfidf_/./.,0
char_tfidf_/././,0
char_tfidf_-cont,0
char_tfidf_-char,0
char_tfidf_ x-de,0
word_tfidf_25c1 259cetc,0
word_tfidf_25c1,0
word_tfidf_25c0 25afetc,0
char_tfidf_%80,0
char_tfidf_%80%8,0
char_tfidf_%ae,0
char_tfidf_%ae%,0
char_tfidf_%af,0
char_tfidf_%c0%,0
word_tfidf_25c0 25af,0
char_tfidf_%c1%,0
word_tfidf_25c0 25ae,0
word_tfidf_25c0,0
word_tfidf_25afetc 25c0,0
char_tfidf_&logi,0
word_tfidf_25afetc,0
char_tfidf_(co,0
char_tfidf_(com,0
char_tfidf_(comp,0
char_tfidf_(li,0
char_tfidf_(lik,0
char_tfidf_(like,0
char_tfidf_) k,0
char_tfidf_) kh,0
word_tfidf_25c1 259c,0
word_tfidf_26 20,0
char_tfidf_-cha,0
word_tfidf_26 20sleep,0
char_tfidf_ x-g,0
char_tfidf_ x-gz,0
word_tfidf_28echo,0
"char_tfidf_""1.0""",0
word_tfidf_28compatible 3b,0
"char_tfidf_""?>",0
word_tfidf_28compatible,0
word_tfidf_281,0
word_tfidf_27a,0
word_tfidf_271,0
word_tfidf_270 3a0,0
word_tfidf_270 27,0
word_tfidf_270,0
word_tfidf_27 5cn,0
word_tfidf_27 29,0
word_tfidf_26lol 3b,0
word_tfidf_26lol,0
word_tfidf_26echo,0
word_tfidf_26 username,0
word_tfidf_26 26echo,0
word_tfidf_26 26,0
word_tfidf_26 20str1,0
word_tfidf_26 20str,0
char_tfidf_) kht,0
char_tfidf_) p,0
char_tfidf_) pr,0
char_tfidf_) pra,0
"char_tfidf_,*/*",0
"char_tfidf_,*/*;",0
"char_tfidf_,ap",0
"char_tfidf_,app",0
"char_tfidf_,appl",0
"char_tfidf_,im",0
"char_tfidf_,ima",0
"char_tfidf_,imag",0
"char_tfidf_,te",0
"char_tfidf_,tex",0
"char_tfidf_,text",0
"char_tfidf_-8,",0
"char_tfidf_-8, ",0
"char_tfidf_-8, u",0
char_tfidf_-8;,0
char_tfidf_-8;q,0
char_tfidf_-8;q=,0
char_tfidf_-age,0
char_tfidf_-agen,0
char_tfidf_-ca,0
char_tfidf_-cac,0
char_tfidf_-cach,0
char_tfidf_-ch,0
"char_tfidf_,*/",0
"char_tfidf_, x-d",0
"char_tfidf_, x-",0
"char_tfidf_, *",0
word_tfidf_25af c0,0
word_tfidf_25af 25c0,0
char_tfidf_*/*;,0
char_tfidf_*;q,0
char_tfidf_*;q=,0
char_tfidf_*;q=0,0
word_tfidf_25af,0
char_tfidf_+xm,0
char_tfidf_+xml,0
"char_tfidf_+xml,",0
"char_tfidf_, *;",0
"char_tfidf_, x",0
"char_tfidf_, *;q",0
"char_tfidf_, d",0
"char_tfidf_, de",0
"char_tfidf_, def",0
"char_tfidf_, g",0
"char_tfidf_, gz",0
"char_tfidf_, gzi",0
"char_tfidf_, u",0
"char_tfidf_, ut",0
"char_tfidf_, utf",0
word_tfidf_2f c0,0
word_tfidf_u0072 u0063,0
word_tfidf_u0072 u0062,0
word_tfidf_u0037 u0038,0
word_tfidf_u0037 u0042,0
word_tfidf_3aiiop,0
word_tfidf_u0037 u0044,0
word_tfidf_u0038,0
word_tfidf_u0038 u0025,0
word_tfidf_u0038 u002c,0
word_tfidf_u0038 u0030,0
word_tfidf_u0038 u0037,0
word_tfidf_u0038 u0038,0
word_tfidf_u0038 u0065,0
word_tfidf_u0039,0
word_tfidf_u0039 u0020,0
word_tfidf_u0039 u002c,0
word_tfidf_u0039 u002e,0
word_tfidf_u0039 u0030,0
word_tfidf_u0039 u0032,0
word_tfidf_u0039 u0039,0
word_tfidf_3adns 3a,0
word_tfidf_3adns,0
word_tfidf_u003a u0031,0
word_tfidf_u003a u0033,0
word_tfidf_u003a u0034,0
word_tfidf_u003a u0035,0
word_tfidf_u0037 u0039,0
word_tfidf_u0037 u0037,0
word_tfidf_u0035 u0036,0
word_tfidf_u0037 u0036,0
word_tfidf_u0035 u0039,0
word_tfidf_u0035 u0042,0
word_tfidf_u0035 u0043,0
word_tfidf_u0035 u0044,0
word_tfidf_u0035 u0063,0
word_tfidf_u0036,0
word_tfidf_u0036 u0020,0
word_tfidf_u0036 u0025,0
word_tfidf_u0036 u0031,0
word_tfidf_u0036 u0033,0
word_tfidf_u0036 u0034,0
word_tfidf_u0036 u0035,0
word_tfidf_u0036 u0036,0
word_tfidf_u0036 u0037,0
word_tfidf_u0036 u0038,0
word_tfidf_u0036 u0039,0
word_tfidf_3aiiop 3a,0
word_tfidf_u0037 u0020,0
word_tfidf_u0037 u0025,0
word_tfidf_u0037 u002e,0
word_tfidf_u0037 u0030,0
word_tfidf_u0037 u0032,0
word_tfidf_u0037 u0033,0
word_tfidf_u003a u0038,0
word_tfidf_u003a u0039,0
word_tfidf_3acorba 3a,0
word_tfidf_u003a u0063,0
word_tfidf_3a389,0
word_tfidf_u0041 u0025,0
word_tfidf_u0041 u0041,0
word_tfidf_u0041 u0063,0
word_tfidf_u0041 u0067,0
word_tfidf_3a15 27,0
word_tfidf_u0042 u0025,0
word_tfidf_u0042 u0073,0
word_tfidf_u0043 u0061,0
word_tfidf_u0043 u0068,0
word_tfidf_u0043 u006e,0
word_tfidf_3a15,0
word_tfidf_u0044 u0025,0
word_tfidf_u0044 u003d,0
word_tfidf_u0045 u0020,0
word_tfidf_u0045 u004d,0
word_tfidf_u0045 u004e,0
word_tfidf_u0045 u0053,0
word_tfidf_u0045 u006e,0
word_tfidf_3a1389,0
word_tfidf_u0046 u006f,0
word_tfidf_u0047 u0045,0
word_tfidf_u0047 u0065,0
word_tfidf_3a443,0
word_tfidf_u003f u0078,0
word_tfidf_u003e u0074,0
word_tfidf_3a8080 20cookie,0
word_tfidf_u003a u0064,0
word_tfidf_u003a u0069,0
word_tfidf_u003a u006a,0
word_tfidf_u003a u006c,0
word_tfidf_u003a u0072,0
word_tfidf_3acorba,0
word_tfidf_u003b u0026,0
word_tfidf_3a9999,0
word_tfidf_u003b u0071,0
word_tfidf_3a8080 tienda1,0
word_tfidf_3a8080,0
word_tfidf_u003e u005d,0
word_tfidf_u003c u0064,0
word_tfidf_u003c u0072,0
word_tfidf_3a80,0
word_tfidf_3a53,0
word_tfidf_u003d u0030,0
word_tfidf_u003d u0031,0
word_tfidf_u003d u0066,0
word_tfidf_u003d u0068,0
word_tfidf_3a4444,0
word_tfidf_u003e u0026,0
word_tfidf_u0035 u0037,0
word_tfidf_u0035 u0035,0
word_tfidf_u0048 u0054,0
word_tfidf_3armi 3a,0
word_tfidf_u0030 u0020,0
word_tfidf_u0030 u0025,0
word_tfidf_u0030 u002d,0
word_tfidf_u0030 u002f,0
word_tfidf_u0030 u0031,0
word_tfidf_u0030 u0032,0
word_tfidf_u0030 u0033,0
word_tfidf_u0030 u0034,0
word_tfidf_u0030 u0035,0
word_tfidf_u0030 u0036,0
word_tfidf_u0030 u0038,0
word_tfidf_u0030 u0039,0
word_tfidf_u0030 u0065,0
word_tfidf_u0030 u0066,0
word_tfidf_u0030 u0069,0
word_tfidf_u0030 u0073,0
word_tfidf_u0030 u0074,0
word_tfidf_u0030 u0077,0
word_tfidf_u0030 u0078,0
word_tfidf_3aldaps 3a,0
word_tfidf_u0031 u0020,0
word_tfidf_u0031 u0025,0
word_tfidf_u0031 u002f,0
word_tfidf_3armi,0
word_tfidf_u002f u0077,0
word_tfidf_u0035 u0031,0
word_tfidf_3b 20else,0
word_tfidf_u002e u0064,0
word_tfidf_u002e u0067,0
word_tfidf_u002e u006a,0
word_tfidf_u002e u006e,0
word_tfidf_3b 20if,0
word_tfidf_u002f u0024,0
word_tfidf_u002f u002a,0
word_tfidf_3b 20fi,0
word_tfidf_u002f u0030,0
word_tfidf_u002f u0033,0
word_tfidf_u002f u0035,0
word_tfidf_u002f u003f,0
word_tfidf_u002f u0061,0
word_tfidf_u002f u0063,0
word_tfidf_u002f u0064,0
word_tfidf_u002f u0068,0
word_tfidf_u002f u0069,0
word_tfidf_u002f u006c,0
word_tfidf_u002f u006d,0
word_tfidf_u002f u006f,0
word_tfidf_u002f u0070,0
word_tfidf_u002f u0072,0
word_tfidf_u002f u0074,0
word_tfidf_3aldaps,0
word_tfidf_u0031 u0031,0
word_tfidf_u0031 u0033,0
word_tfidf_u0031 u0035,0
word_tfidf_u0033 u0034,0
word_tfidf_u0033 u0035,0
word_tfidf_u0033 u0037,0
word_tfidf_u0033 u0038,0
word_tfidf_u0033 u0039,0
word_tfidf_u0033 u0042,0
word_tfidf_u0033 u0044,0
word_tfidf_u0033 u0073,0
word_tfidf_u0034 u0020,0
word_tfidf_u0034 u0025,0
word_tfidf_u0034 u002f,0
word_tfidf_u0034 u0031,0
word_tfidf_u0034 u0033,0
word_tfidf_u0034 u0034,0
word_tfidf_u0034 u0035,0
word_tfidf_u0034 u0037,0
word_tfidf_u0034 u0038,0
word_tfidf_u0034 u0039,0
word_tfidf_u0035 u0020,0
word_tfidf_u0035 u0025,0
word_tfidf_u0035 u002c,0
word_tfidf_u0035 u002e,0
word_tfidf_u0035 u0030,0
word_tfidf_u0033 u0033,0
word_tfidf_u0033 u0032,0
word_tfidf_u0033 u0031,0
word_tfidf_u0032 u0034,0
word_tfidf_u0031 u0036,0
word_tfidf_u0031 u0037,0
word_tfidf_u0031 u0038,0
word_tfidf_u0031 u003a,0
word_tfidf_3aldap 3a,0
word_tfidf_u0032 u0020,0
word_tfidf_u0032 u0025,0
word_tfidf_u0032 u0031,0
word_tfidf_u0032 u0032,0
word_tfidf_u0032 u0033,0
word_tfidf_3aldap,0
word_tfidf_u0033 u0030,0
word_tfidf_u0032 u0036,0
word_tfidf_u0032 u0037,0
word_tfidf_u0032 u0042,0
word_tfidf_u0032 u0043,0
word_tfidf_u0032 u0065,0
word_tfidf_u0033,0
word_tfidf_u0033 u0020,0
word_tfidf_u0033 u0025,0
word_tfidf_u0033 u002e,0
word_tfidf_u0033 u002f,0
word_tfidf_u0048,0
word_tfidf_u0048 u006f,0
word_tfidf_u0072 u003a,0
word_tfidf_u0069 u0067,0
word_tfidf_u0069 u006b,0
word_tfidf_u0069 u0073,0
word_tfidf_32 66etc,0
word_tfidf_32 66,0
word_tfidf_u006a u0024,0
word_tfidf_u006a u0073,0
word_tfidf_u006b u002e,0
word_tfidf_u006b u0065,0
word_tfidf_u006b u0069,0
word_tfidf_u006b u006f,0
word_tfidf_u006c u002c,0
word_tfidf_u006c u002e,0
word_tfidf_u006c u003a,0
word_tfidf_u006c u003d,0
word_tfidf_31,0
word_tfidf_u006c u0062,0
word_tfidf_u006c u0064,0
word_tfidf_u006c u0066,0
word_tfidf_u006c u0068,0
word_tfidf_u006c u0069,0
word_tfidf_2fwindows,0
word_tfidf_2fsystem32,0
word_tfidf_u006c u0073,0
word_tfidf_u0069 u0069,0
word_tfidf_u0069 u0066,0
word_tfidf_u0065 u0074,0
word_tfidf_u0069 u0062,0
word_tfidf_u0066 u0025,0
word_tfidf_u0066 u002d,0
word_tfidf_u0066 u002f,0
word_tfidf_u0066 u0030,0
word_tfidf_u0066 u0065,0
word_tfidf_u0066 u0066,0
word_tfidf_u0066 u006c,0
word_tfidf_u0066 u0074,0
word_tfidf_u0067 u002c,0
word_tfidf_u0067 u003a,0
word_tfidf_u0067 u003d,0
word_tfidf_u0067 u0069,0
word_tfidf_u0067 u006d,0
word_tfidf_37,0
word_tfidf_u0067 u0075,0
word_tfidf_u0067 u007a,0
word_tfidf_u0068 u003a,0
word_tfidf_35 63etc,0
word_tfidf_u0068 u0074,0
word_tfidf_35 63,0
word_tfidf_u0069 u0025,0
word_tfidf_35,0
word_tfidf_u0069 u0061,0
word_tfidf_u006c u007a,0
word_tfidf_u006d,0
word_tfidf_u006d u003a,0
word_tfidf_u006d u0062,0
word_tfidf_2fdrivers,0
word_tfidf_2fboot ini,0
word_tfidf_u006f u0074,0
word_tfidf_u006f u007a,0
word_tfidf_2fboot,0
word_tfidf_u0070 u0020,0
word_tfidf_u0070 u0025,0
word_tfidf_u0070 u002c,0
word_tfidf_2f http,0
word_tfidf_u0070 u0063,0
word_tfidf_u0070 u0069,0
word_tfidf_u0070 u006e,0
word_tfidf_u0070 u0070,0
word_tfidf_u0070 u0072,0
word_tfidf_u0070 u0074,0
word_tfidf_u0070 u0075,0
word_tfidf_u0071,0
word_tfidf_u0071 u003d,0
word_tfidf_u0072 u0025,0
word_tfidf_u0072 u002d,0
word_tfidf_u0072 u002e,0
word_tfidf_u0072 u002f,0
word_tfidf_u0072 u0031,0
word_tfidf_u006f u006b,0
word_tfidf_2fetc,0
word_tfidf_u006f u0063,0
word_tfidf_u006e u0067,0
word_tfidf_2fpasswd,0
word_tfidf_u006d u0069,0
word_tfidf_u006d u006f,0
word_tfidf_2fissue,0
word_tfidf_2fhosts,0
word_tfidf_u006e u0025,0
word_tfidf_u006e u003a,0
word_tfidf_u006e u003b,0
word_tfidf_u006e u0065,0
word_tfidf_u006e u0066,0
word_tfidf_u006e u006e,0
word_tfidf_u006f u0061,0
word_tfidf_2fetc c0,0
word_tfidf_u006e u0075,0
word_tfidf_2fetc 2fpasswd,0
word_tfidf_u006e u007d,0
word_tfidf_u006f u0024,0
word_tfidf_u006f u0026,0
word_tfidf_u006f u0029,0
word_tfidf_u006f u002d,0
word_tfidf_u006f u002f,0
word_tfidf_u006f u003d,0
word_tfidf_389,0
word_tfidf_39,0
word_tfidf_u0049 u0044,0
word_tfidf_3a evil,0
word_tfidf_u0054 u004d,0
word_tfidf_u0054 u0050,0
word_tfidf_3a etc,0
word_tfidf_u0056,0
word_tfidf_00 c0,0
word_tfidf_u0058,0
word_tfidf_u0058 u002d,0
word_tfidf_u0059 u0050,0
word_tfidf_u0059 u0053,0
word_tfidf_u005a,0
word_tfidf_u005b,0
word_tfidf_u005b u003c,0
word_tfidf_3a callback,0
word_tfidf_u005c u002e,0
word_tfidf_u005c u0075,0
word_tfidf_u005d,0
word_tfidf_u005d u003e,0
word_tfidf_3a burpcollab,0
word_tfidf_3a attacker,0
word_tfidf_u0061 u0026,0
word_tfidf_u0061 u002f,0
word_tfidf_u0061 u0031,0
word_tfidf_u0061 u003a,0
word_tfidf_u0054 u0020,0
word_tfidf_u0053 u0054,0
word_tfidf_3a 20,0
word_tfidf_u0053 u0049,0
word_tfidf_u0049 u0046,0
word_tfidf_u0049 u004f,0
word_tfidf_u004a u0053,0
word_tfidf_u004b,0
word_tfidf_u004b u0048,0
word_tfidf_u004b u006f,0
word_tfidf_3a1099,0
word_tfidf_u004c u002f,0
word_tfidf_3a0 3a15,0
word_tfidf_u004c u0061,0
word_tfidf_u004c u0069,0
word_tfidf_u004d u0020,0
word_tfidf_u004d u0045,0
word_tfidf_u004d u006f,0
word_tfidf_u004e u0049,0
word_tfidf_3a0,0
word_tfidf_3a oast,0
word_tfidf_u0050 u002f,0
word_tfidf_u0050 u0045,0
word_tfidf_u0051,0
word_tfidf_u0052 u0065,0
word_tfidf_3a localhost,0
word_tfidf_3a interact,0
word_tfidf_u0061 u003e,0
word_tfidf_u0061 u0062,0
word_tfidf_u0061 u0065,0
word_tfidf_u0061 u0066,0
word_tfidf_u0064 u0025,0
word_tfidf_u0064 u003d,0
word_tfidf_u0064 u0061,0
word_tfidf_u0064 u0065,0
word_tfidf_u0064 u006d,0
word_tfidf_u0064 u0072,0
word_tfidf_u0064 u0074,0
word_tfidf_u0064 u007d,0
word_tfidf_3a 20localhost,0
word_tfidf_3a 20jsessionid,0
word_tfidf_3a 20en,0
word_tfidf_u0065 u002c,0
word_tfidf_u0065 u002d,0
word_tfidf_u0065 u002e,0
word_tfidf_u0065 u002f,0
word_tfidf_u0065 u0036,0
word_tfidf_u0065 u003a,0
word_tfidf_u0065 u003b,0
word_tfidf_u0065 u003d,0
word_tfidf_u0065 u003e,0
word_tfidf_3a 20close,0
word_tfidf_u0065 u0064,0
word_tfidf_u0065 u0067,0
word_tfidf_3a 20mozilla,0
word_tfidf_3a 20no,0
word_tfidf_u0063 u006f,0
word_tfidf_u0062 u0061,0
word_tfidf_u0061 u0067,0
word_tfidf_u0061 u0069,0
word_tfidf_3a 7d,0
word_tfidf_u0061 u006e,0
word_tfidf_u0061 u0070,0
word_tfidf_3a 3a,0
word_tfidf_u0061 u0074,0
word_tfidf_u0061 u0075,0
word_tfidf_u0061 u0076,0
word_tfidf_u0062 u002e,0
word_tfidf_u0062 u006f,0
word_tfidf_u0063 u006c,0
word_tfidf_u0062 u0072,0
word_tfidf_u0062 u0075,0
word_tfidf_3a 20x,0
word_tfidf_u0063 u003d,0
word_tfidf_u0063 u0061,0
word_tfidf_u0063 u0063,0
word_tfidf_u0063 u0065,0
word_tfidf_3a 20utf,0
word_tfidf_3a 20text,0
word_tfidf_u0063 u006b,0
word_tfidf_28like 20gecko,0
